sa2_type,timestamp,pop,week,day,day_num,hour
Recreational,2020-04-06T01:00:00Z,66319,15,Mon,1,25
Recreational,2020-04-06T02:00:00Z,66343,15,Mon,1,26
Recreational,2020-04-06T03:00:00Z,66605,15,Mon,1,27
Recreational,2020-04-06T04:00:00Z,66349,15,Mon,1,28
Recreational,2020-04-06T05:00:00Z,66319,15,Mon,1,29
Recreational,2020-04-06T06:00:00Z,66278,15,Mon,1,30
Recreational,2020-04-06T07:00:00Z,66564,15,Mon,1,31
Recreational,2020-04-06T08:00:00Z,67637,15,Mon,1,32
Recreational,2020-04-06T09:00:00Z,68407,15,Mon,1,33
Recreational,2020-04-06T10:00:00Z,69084,15,Mon,1,34
Recreational,2020-04-06T11:00:00Z,68553,15,Mon,1,35
Recreational,2020-04-06T12:00:00Z,68391,15,Mon,1,36
Recreational,2020-04-06T13:00:00Z,68206,15,Mon,1,37
Recreational,2020-04-06T14:00:00Z,68012,15,Mon,1,38
Recreational,2020-04-06T15:00:00Z,67683,15,Mon,1,39
Recreational,2020-04-06T16:00:00Z,67672,15,Mon,1,40
Recreational,2020-04-06T17:00:00Z,68056,15,Mon,1,41
Recreational,2020-04-06T18:00:00Z,67592,15,Mon,1,42
Recreational,2020-04-06T19:00:00Z,67443,15,Mon,1,43
Recreational,2020-04-06T20:00:00Z,66818,15,Mon,1,44
Recreational,2020-04-06T21:00:00Z,66099,15,Mon,1,45
Recreational,2020-04-06T22:00:00Z,65619,15,Mon,1,46
Recreational,2020-04-06T23:00:00Z,65491,15,Mon,1,47
Recreational,2020-04-07T00:00:00Z,66039,15,Tue,2,48
Recreational,2020-04-07T01:00:00Z,66119,15,Tue,2,49
Recreational,2020-04-07T02:00:00Z,66093,15,Tue,2,50
Recreational,2020-04-07T03:00:00Z,66205,15,Tue,2,51
Recreational,2020-04-07T04:00:00Z,66221,15,Tue,2,52
Recreational,2020-04-07T05:00:00Z,66087,15,Tue,2,53
Recreational,2020-04-07T06:00:00Z,66106,15,Tue,2,54
Recreational,2020-04-07T07:00:00Z,66369,15,Tue,2,55
Recreational,2020-04-07T08:00:00Z,67323,15,Tue,2,56
Recreational,2020-04-07T09:00:00Z,68594,15,Tue,2,57
Recreational,2020-04-07T10:00:00Z,68979,15,Tue,2,58
Recreational,2020-04-07T11:00:00Z,68825,15,Tue,2,59
Recreational,2020-04-07T12:00:00Z,68100,15,Tue,2,60
Recreational,2020-04-07T13:00:00Z,67511,15,Tue,2,61
Recreational,2020-04-07T14:00:00Z,67550,15,Tue,2,62
Recreational,2020-04-07T15:00:00Z,67614,15,Tue,2,63
Recreational,2020-04-07T16:00:00Z,67810,15,Tue,2,64
Recreational,2020-04-07T17:00:00Z,67682,15,Tue,2,65
Recreational,2020-04-07T18:00:00Z,67826,15,Tue,2,66
Recreational,2020-04-07T19:00:00Z,67677,15,Tue,2,67
Recreational,2020-04-07T20:00:00Z,67281,15,Tue,2,68
Recreational,2020-04-07T21:00:00Z,66465,15,Tue,2,69
Recreational,2020-04-07T22:00:00Z,65963,15,Tue,2,70
Recreational,2020-04-07T23:00:00Z,65753,15,Tue,2,71
Recreational,2020-04-08T00:00:00Z,66224,15,Wed,3,72
Recreational,2020-04-08T01:00:00Z,66200,15,Wed,3,73
Recreational,2020-04-08T02:00:00Z,66121,15,Wed,3,74
Recreational,2020-04-08T03:00:00Z,66261,15,Wed,3,75
Recreational,2020-04-08T04:00:00Z,66148,15,Wed,3,76
Recreational,2020-04-08T05:00:00Z,66104,15,Wed,3,77
Recreational,2020-04-08T06:00:00Z,66119,15,Wed,3,78
Recreational,2020-04-08T07:00:00Z,66162,15,Wed,3,79
Recreational,2020-04-08T08:00:00Z,66773,15,Wed,3,80
Recreational,2020-04-08T09:00:00Z,68122,15,Wed,3,81
Recreational,2020-04-08T10:00:00Z,68730,15,Wed,3,82
Recreational,2020-04-08T11:00:00Z,68772,15,Wed,3,83
Recreational,2020-04-08T12:00:00Z,68449,15,Wed,3,84
Recreational,2020-04-08T13:00:00Z,68006,15,Wed,3,85
Recreational,2020-04-08T14:00:00Z,67692,15,Wed,3,86
Recreational,2020-04-08T15:00:00Z,67702,15,Wed,3,87
Recreational,2020-04-08T16:00:00Z,67879,15,Wed,3,88
Recreational,2020-04-08T17:00:00Z,68043,15,Wed,3,89
Recreational,2020-04-08T18:00:00Z,67834,15,Wed,3,90
Recreational,2020-04-08T19:00:00Z,67325,15,Wed,3,91
Recreational,2020-04-08T20:00:00Z,66754,15,Wed,3,92
Recreational,2020-04-08T21:00:00Z,66195,15,Wed,3,93
Recreational,2020-04-08T22:00:00Z,65923,15,Wed,3,94
Recreational,2020-04-08T23:00:00Z,65729,15,Wed,3,95
Recreational,2020-04-09T00:00:00Z,65833,15,Thu,4,96
Recreational,2020-04-09T01:00:00Z,65914,15,Thu,4,97
Recreational,2020-04-09T02:00:00Z,65912,15,Thu,4,98
Recreational,2020-04-09T03:00:00Z,65994,15,Thu,4,99
Recreational,2020-04-09T04:00:00Z,65894,15,Thu,4,100
Recreational,2020-04-09T05:00:00Z,65940,15,Thu,4,101
Recreational,2020-04-09T06:00:00Z,65599,15,Thu,4,102
Recreational,2020-04-09T07:00:00Z,65643,15,Thu,4,103
Recreational,2020-04-09T08:00:00Z,66460,15,Thu,4,104
Recreational,2020-04-09T09:00:00Z,67319,15,Thu,4,105
Recreational,2020-04-09T10:00:00Z,68088,15,Thu,4,106
Recreational,2020-04-09T11:00:00Z,67929,15,Thu,4,107
Recreational,2020-04-09T12:00:00Z,67761,15,Thu,4,108
Recreational,2020-04-09T13:00:00Z,67361,15,Thu,4,109
Recreational,2020-04-09T14:00:00Z,67201,15,Thu,4,110
Recreational,2020-04-09T15:00:00Z,66856,15,Thu,4,111
Recreational,2020-04-09T16:00:00Z,67354,15,Thu,4,112
Recreational,2020-04-09T17:00:00Z,67543,15,Thu,4,113
Recreational,2020-04-09T18:00:00Z,67177,15,Thu,4,114
Recreational,2020-04-09T19:00:00Z,66587,15,Thu,4,115
Recreational,2020-04-09T20:00:00Z,66185,15,Thu,4,116
Recreational,2020-04-09T21:00:00Z,65509,15,Thu,4,117
Recreational,2020-04-09T22:00:00Z,65286,15,Thu,4,118
Recreational,2020-04-09T23:00:00Z,65198,15,Thu,4,119
Recreational,2020-04-10T00:00:00Z,65857,15,Fri,5,120
Recreational,2020-04-10T01:00:00Z,65984,15,Fri,5,121
Recreational,2020-04-10T02:00:00Z,65906,15,Fri,5,122
Recreational,2020-04-10T03:00:00Z,65822,15,Fri,5,123
Recreational,2020-04-10T04:00:00Z,65942,15,Fri,5,124
Recreational,2020-04-10T05:00:00Z,65849,15,Fri,5,125
Recreational,2020-04-10T06:00:00Z,65987,15,Fri,5,126
Recreational,2020-04-10T07:00:00Z,66701,15,Fri,5,127
Recreational,2020-04-10T08:00:00Z,67695,15,Fri,5,128
Recreational,2020-04-10T09:00:00Z,68691,15,Fri,5,129
Recreational,2020-04-10T10:00:00Z,69497,15,Fri,5,130
Recreational,2020-04-10T11:00:00Z,69302,15,Fri,5,131
Recreational,2020-04-10T12:00:00Z,68832,15,Fri,5,132
Recreational,2020-04-10T13:00:00Z,68422,15,Fri,5,133
Recreational,2020-04-10T14:00:00Z,68251,15,Fri,5,134
Recreational,2020-04-10T15:00:00Z,68302,15,Fri,5,135
Recreational,2020-04-10T16:00:00Z,68546,15,Fri,5,136
Recreational,2020-04-10T17:00:00Z,68646,15,Fri,5,137
Recreational,2020-04-10T18:00:00Z,68359,15,Fri,5,138
Recreational,2020-04-10T19:00:00Z,67750,15,Fri,5,139
Recreational,2020-04-10T20:00:00Z,66675,15,Fri,5,140
Recreational,2020-04-10T21:00:00Z,65905,15,Fri,5,141
Recreational,2020-04-10T22:00:00Z,65818,15,Fri,5,142
Recreational,2020-04-10T23:00:00Z,65634,15,Fri,5,143
Recreational,2020-04-11T00:00:00Z,65745,15,Sat,6,144
Recreational,2020-04-11T01:00:00Z,65693,15,Sat,6,145
Recreational,2020-04-11T02:00:00Z,65734,15,Sat,6,146
Recreational,2020-04-11T03:00:00Z,65778,15,Sat,6,147
Recreational,2020-04-11T04:00:00Z,65908,15,Sat,6,148
Recreational,2020-04-11T05:00:00Z,66069,15,Sat,6,149
Recreational,2020-04-11T06:00:00Z,65790,15,Sat,6,150
Recreational,2020-04-11T07:00:00Z,66504,15,Sat,6,151
Recreational,2020-04-11T08:00:00Z,67206,15,Sat,6,152
Recreational,2020-04-11T09:00:00Z,67949,15,Sat,6,153
Recreational,2020-04-11T10:00:00Z,68366,15,Sat,6,154
Recreational,2020-04-11T11:00:00Z,68512,15,Sat,6,155
Recreational,2020-04-11T12:00:00Z,67927,15,Sat,6,156
Recreational,2020-04-11T13:00:00Z,67622,15,Sat,6,157
Recreational,2020-04-11T14:00:00Z,67590,15,Sat,6,158
Recreational,2020-04-11T15:00:00Z,67806,15,Sat,6,159
Recreational,2020-04-11T16:00:00Z,67722,15,Sat,6,160
Recreational,2020-04-11T17:00:00Z,67963,15,Sat,6,161
Recreational,2020-04-11T18:00:00Z,67641,15,Sat,6,162
Recreational,2020-04-11T19:00:00Z,66955,15,Sat,6,163
Recreational,2020-04-11T20:00:00Z,66748,15,Sat,6,164
Recreational,2020-04-11T21:00:00Z,66184,15,Sat,6,165
Recreational,2020-04-11T22:00:00Z,65826,15,Sat,6,166
Recreational,2020-04-11T23:00:00Z,65725,15,Sat,6,167
Recreational,2020-04-12T00:00:00Z,66199,15,Sun,7,168
Recreational,2020-04-12T01:00:00Z,66125,15,Sun,7,169
Recreational,2020-04-12T02:00:00Z,66043,15,Sun,7,170
Recreational,2020-04-12T03:00:00Z,66368,15,Sun,7,171
Recreational,2020-04-12T04:00:00Z,66272,15,Sun,7,172
Recreational,2020-04-12T05:00:00Z,66358,15,Sun,7,173
Recreational,2020-04-12T06:00:00Z,66125,15,Sun,7,174
Recreational,2020-04-12T07:00:00Z,66645,15,Sun,7,175
Recreational,2020-04-12T08:00:00Z,67663,15,Sun,7,176
Recreational,2020-04-12T09:00:00Z,68807,15,Sun,7,177
Recreational,2020-04-12T10:00:00Z,69198,15,Sun,7,178
Recreational,2020-04-12T11:00:00Z,69072,15,Sun,7,179
Recreational,2020-04-12T12:00:00Z,68399,15,Sun,7,180
Recreational,2020-04-12T13:00:00Z,68430,15,Sun,7,181
Recreational,2020-04-12T14:00:00Z,68300,15,Sun,7,182
Recreational,2020-04-12T15:00:00Z,68351,15,Sun,7,183
Recreational,2020-04-12T16:00:00Z,68610,15,Sun,7,184
Recreational,2020-04-12T17:00:00Z,68600,15,Sun,7,185
Recreational,2020-04-12T18:00:00Z,68066,15,Sun,7,186
Recreational,2020-04-12T19:00:00Z,67619,15,Sun,7,187
Recreational,2020-04-12T20:00:00Z,67008,15,Sun,7,188
Recreational,2020-04-12T21:00:00Z,65985,15,Sun,7,189
Recreational,2020-04-12T22:00:00Z,65716,15,Sun,7,190
Recreational,2020-04-12T23:00:00Z,65408,15,Sun,7,191
Recreational,2020-04-13T00:00:00Z,66486,16,Mon,1,24
Recreational,2020-04-13T01:00:00Z,66149,16,Mon,1,25
Recreational,2020-04-13T02:00:00Z,66091,16,Mon,1,26
Recreational,2020-04-13T03:00:00Z,65987,16,Mon,1,27
Recreational,2020-04-13T04:00:00Z,66254,16,Mon,1,28
Recreational,2020-04-13T05:00:00Z,66069,16,Mon,1,29
Recreational,2020-04-13T06:00:00Z,66170,16,Mon,1,30
Recreational,2020-04-13T07:00:00Z,66534,16,Mon,1,31
Recreational,2020-04-13T08:00:00Z,67348,16,Mon,1,32
Recreational,2020-04-13T09:00:00Z,68168,16,Mon,1,33
Recreational,2020-04-13T10:00:00Z,68610,16,Mon,1,34
Recreational,2020-04-13T11:00:00Z,68819,16,Mon,1,35
Recreational,2020-04-13T12:00:00Z,68268,16,Mon,1,36
Recreational,2020-04-13T13:00:00Z,67963,16,Mon,1,37
Recreational,2020-04-13T14:00:00Z,67692,16,Mon,1,38
Recreational,2020-04-13T15:00:00Z,67585,16,Mon,1,39
Recreational,2020-04-13T16:00:00Z,67831,16,Mon,1,40
Recreational,2020-04-13T17:00:00Z,67581,16,Mon,1,41
Recreational,2020-04-13T18:00:00Z,67520,16,Mon,1,42
Recreational,2020-04-13T19:00:00Z,66682,16,Mon,1,43
Recreational,2020-04-13T20:00:00Z,66319,16,Mon,1,44
Recreational,2020-04-13T21:00:00Z,66132,16,Mon,1,45
Recreational,2020-04-13T22:00:00Z,65735,16,Mon,1,46
Recreational,2020-04-13T23:00:00Z,65510,16,Mon,1,47
Recreational,2020-04-14T00:00:00Z,65533,16,Tue,2,48
Recreational,2020-04-14T01:00:00Z,65267,16,Tue,2,49
Recreational,2020-04-14T02:00:00Z,65332,16,Tue,2,50
Recreational,2020-04-14T03:00:00Z,65344,16,Tue,2,51
Recreational,2020-04-14T04:00:00Z,65554,16,Tue,2,52
Recreational,2020-04-14T05:00:00Z,65527,16,Tue,2,53
Recreational,2020-04-14T06:00:00Z,65462,16,Tue,2,54
Recreational,2020-04-14T07:00:00Z,65375,16,Tue,2,55
Recreational,2020-04-14T08:00:00Z,66057,16,Tue,2,56
Recreational,2020-04-14T09:00:00Z,67491,16,Tue,2,57
Recreational,2020-04-14T10:00:00Z,67934,16,Tue,2,58
Recreational,2020-04-14T11:00:00Z,67357,16,Tue,2,59
Recreational,2020-04-14T12:00:00Z,67092,16,Tue,2,60
Recreational,2020-04-14T13:00:00Z,66701,16,Tue,2,61
Recreational,2020-04-14T14:00:00Z,66677,16,Tue,2,62
Recreational,2020-04-14T15:00:00Z,66861,16,Tue,2,63
Recreational,2020-04-14T16:00:00Z,67062,16,Tue,2,64
Recreational,2020-04-14T17:00:00Z,66830,16,Tue,2,65
Recreational,2020-04-14T18:00:00Z,66167,16,Tue,2,66
Recreational,2020-04-14T19:00:00Z,65929,16,Tue,2,67
Recreational,2020-04-14T20:00:00Z,65523,16,Tue,2,68
Recreational,2020-04-14T21:00:00Z,64910,16,Tue,2,69
Recreational,2020-04-14T22:00:00Z,64612,16,Tue,2,70
Recreational,2020-04-14T23:00:00Z,64663,16,Tue,2,71
Recreational,2020-04-15T00:00:00Z,65275,16,Wed,3,72
Recreational,2020-04-15T01:00:00Z,65086,16,Wed,3,73
Recreational,2020-04-15T02:00:00Z,64957,16,Wed,3,74
Recreational,2020-04-15T03:00:00Z,64987,16,Wed,3,75
Recreational,2020-04-15T04:00:00Z,65087,16,Wed,3,76
Recreational,2020-04-15T05:00:00Z,65012,16,Wed,3,77
Recreational,2020-04-15T06:00:00Z,64844,16,Wed,3,78
Recreational,2020-04-15T07:00:00Z,65041,16,Wed,3,79
Recreational,2020-04-15T08:00:00Z,65811,16,Wed,3,80
Recreational,2020-04-15T09:00:00Z,67160,16,Wed,3,81
Recreational,2020-04-15T10:00:00Z,66950,16,Wed,3,82
Recreational,2020-04-15T11:00:00Z,67181,16,Wed,3,83
Recreational,2020-04-15T12:00:00Z,67100,16,Wed,3,84
Recreational,2020-04-15T13:00:00Z,66941,16,Wed,3,85
Recreational,2020-04-15T14:00:00Z,66629,16,Wed,3,86
Recreational,2020-04-15T15:00:00Z,66532,16,Wed,3,87
Recreational,2020-04-15T16:00:00Z,66508,16,Wed,3,88
Recreational,2020-04-15T17:00:00Z,66786,16,Wed,3,89
Recreational,2020-04-15T18:00:00Z,66391,16,Wed,3,90
Recreational,2020-04-15T19:00:00Z,66018,16,Wed,3,91
Recreational,2020-04-15T20:00:00Z,65671,16,Wed,3,92
Recreational,2020-04-15T21:00:00Z,64967,16,Wed,3,93
Recreational,2020-04-15T22:00:00Z,64484,16,Wed,3,94
Recreational,2020-04-15T23:00:00Z,64129,16,Wed,3,95
Recreational,2020-04-16T00:00:00Z,65010,16,Thu,4,96
Recreational,2020-04-16T01:00:00Z,64873,16,Thu,4,97
Recreational,2020-04-16T02:00:00Z,65181,16,Thu,4,98
Recreational,2020-04-16T03:00:00Z,65242,16,Thu,4,99
Recreational,2020-04-16T04:00:00Z,65136,16,Thu,4,100
Recreational,2020-04-16T05:00:00Z,65123,16,Thu,4,101
Recreational,2020-04-16T06:00:00Z,64930,16,Thu,4,102
Recreational,2020-04-16T07:00:00Z,65132,16,Thu,4,103
Recreational,2020-04-16T08:00:00Z,66113,16,Thu,4,104
Recreational,2020-04-16T09:00:00Z,66645,16,Thu,4,105
Recreational,2020-04-16T10:00:00Z,66817,16,Thu,4,106
Recreational,2020-04-16T11:00:00Z,66699,16,Thu,4,107
Recreational,2020-04-16T12:00:00Z,66266,16,Thu,4,108
Recreational,2020-04-16T13:00:00Z,65861,16,Thu,4,109
Recreational,2020-04-16T14:00:00Z,66347,16,Thu,4,110
Recreational,2020-04-16T15:00:00Z,66405,16,Thu,4,111
Recreational,2020-04-16T16:00:00Z,66262,16,Thu,4,112
Recreational,2020-04-16T17:00:00Z,66566,16,Thu,4,113
Recreational,2020-04-16T18:00:00Z,66108,16,Thu,4,114
Recreational,2020-04-16T19:00:00Z,65999,16,Thu,4,115
Recreational,2020-04-16T20:00:00Z,65954,16,Thu,4,116
Recreational,2020-04-16T21:00:00Z,65477,16,Thu,4,117
Recreational,2020-04-16T22:00:00Z,65162,16,Thu,4,118
Recreational,2020-04-16T23:00:00Z,64835,16,Thu,4,119
Recreational,2020-04-17T00:00:00Z,65270,16,Fri,5,120
Recreational,2020-04-17T01:00:00Z,65006,16,Fri,5,121
Recreational,2020-04-17T02:00:00Z,65178,16,Fri,5,122
Recreational,2020-04-17T03:00:00Z,65272,16,Fri,5,123
Recreational,2020-04-17T04:00:00Z,65168,16,Fri,5,124
Recreational,2020-04-17T05:00:00Z,65092,16,Fri,5,125
Recreational,2020-04-17T06:00:00Z,64949,16,Fri,5,126
Recreational,2020-04-17T07:00:00Z,65144,16,Fri,5,127
Recreational,2020-04-17T08:00:00Z,65755,16,Fri,5,128
Recreational,2020-04-17T09:00:00Z,66846,16,Fri,5,129
Recreational,2020-04-17T10:00:00Z,67868,16,Fri,5,130
Recreational,2020-04-17T11:00:00Z,67569,16,Fri,5,131
Recreational,2020-04-17T12:00:00Z,67834,16,Fri,5,132
Recreational,2020-04-17T13:00:00Z,67243,16,Fri,5,133
Recreational,2020-04-17T14:00:00Z,67018,16,Fri,5,134
Recreational,2020-04-17T15:00:00Z,67218,16,Fri,5,135
Recreational,2020-04-17T16:00:00Z,67493,16,Fri,5,136
Recreational,2020-04-17T17:00:00Z,67197,16,Fri,5,137
Recreational,2020-04-17T18:00:00Z,66838,16,Fri,5,138
Recreational,2020-04-17T19:00:00Z,66505,16,Fri,5,139
Recreational,2020-04-17T20:00:00Z,66110,16,Fri,5,140
Recreational,2020-04-17T21:00:00Z,65874,16,Fri,5,141
Recreational,2020-04-17T22:00:00Z,65116,16,Fri,5,142
Recreational,2020-04-17T23:00:00Z,64777,16,Fri,5,143
Recreational,2020-04-18T00:00:00Z,65371,16,Sat,6,144
Recreational,2020-04-18T01:00:00Z,65234,16,Sat,6,145
Recreational,2020-04-18T02:00:00Z,65406,16,Sat,6,146
Recreational,2020-04-18T03:00:00Z,65588,16,Sat,6,147
Recreational,2020-04-18T04:00:00Z,65371,16,Sat,6,148
Recreational,2020-04-18T05:00:00Z,65613,16,Sat,6,149
Recreational,2020-04-18T06:00:00Z,65473,16,Sat,6,150
Recreational,2020-04-18T07:00:00Z,65691,16,Sat,6,151
Recreational,2020-04-18T08:00:00Z,66386,16,Sat,6,152
Recreational,2020-04-18T09:00:00Z,67285,16,Sat,6,153
Recreational,2020-04-18T10:00:00Z,67681,16,Sat,6,154
Recreational,2020-04-18T11:00:00Z,67898,16,Sat,6,155
Recreational,2020-04-18T12:00:00Z,67490,16,Sat,6,156
Recreational,2020-04-18T13:00:00Z,67424,16,Sat,6,157
Recreational,2020-04-18T14:00:00Z,67167,16,Sat,6,158
Recreational,2020-04-18T15:00:00Z,67367,16,Sat,6,159
Recreational,2020-04-18T16:00:00Z,67646,16,Sat,6,160
Recreational,2020-04-18T17:00:00Z,67535,16,Sat,6,161
Recreational,2020-04-18T18:00:00Z,67126,16,Sat,6,162
Recreational,2020-04-18T19:00:00Z,66805,16,Sat,6,163
Recreational,2020-04-18T20:00:00Z,66509,16,Sat,6,164
Recreational,2020-04-18T21:00:00Z,66124,16,Sat,6,165
Recreational,2020-04-18T22:00:00Z,65810,16,Sat,6,166
Recreational,2020-04-18T23:00:00Z,65474,16,Sat,6,167
Recreational,2020-04-19T00:00:00Z,66055,16,Sun,7,168
Recreational,2020-04-19T01:00:00Z,65936,16,Sun,7,169
Recreational,2020-04-19T02:00:00Z,65859,16,Sun,7,170
Recreational,2020-04-19T03:00:00Z,65863,16,Sun,7,171
Recreational,2020-04-19T04:00:00Z,65894,16,Sun,7,172
Recreational,2020-04-19T05:00:00Z,65987,16,Sun,7,173
Recreational,2020-04-19T06:00:00Z,66277,16,Sun,7,174
Recreational,2020-04-19T07:00:00Z,66219,16,Sun,7,175
Recreational,2020-04-19T08:00:00Z,66707,16,Sun,7,176
Recreational,2020-04-19T09:00:00Z,67732,16,Sun,7,177
Recreational,2020-04-19T10:00:00Z,68576,16,Sun,7,178
Recreational,2020-04-19T11:00:00Z,68129,16,Sun,7,179
Recreational,2020-04-19T12:00:00Z,67857,16,Sun,7,180
Recreational,2020-04-19T13:00:00Z,67968,16,Sun,7,181
Recreational,2020-04-19T14:00:00Z,67778,16,Sun,7,182
Recreational,2020-04-19T15:00:00Z,67395,16,Sun,7,183
Recreational,2020-04-19T16:00:00Z,67861,16,Sun,7,184
Recreational,2020-04-19T17:00:00Z,68023,16,Sun,7,185
Recreational,2020-04-19T18:00:00Z,67299,16,Sun,7,186
Recreational,2020-04-19T19:00:00Z,66764,16,Sun,7,187
Recreational,2020-04-19T20:00:00Z,66161,16,Sun,7,188
Recreational,2020-04-19T21:00:00Z,65741,16,Sun,7,189
Recreational,2020-04-19T22:00:00Z,65479,16,Sun,7,190
Recreational,2020-04-19T23:00:00Z,65198,16,Sun,7,191
Residential,2020-04-06T01:00:00Z,2019073,15,Mon,1,25
Residential,2020-04-06T02:00:00Z,2019785,15,Mon,1,26
Residential,2020-04-06T03:00:00Z,2018625,15,Mon,1,27
Residential,2020-04-06T04:00:00Z,2017163,15,Mon,1,28
Residential,2020-04-06T05:00:00Z,2012471,15,Mon,1,29
Residential,2020-04-06T06:00:00Z,1999995,15,Mon,1,30
Residential,2020-04-06T07:00:00Z,1976908,15,Mon,1,31
Residential,2020-04-06T08:00:00Z,1949639,15,Mon,1,32
Residential,2020-04-06T09:00:00Z,1933119,15,Mon,1,33
Residential,2020-04-06T10:00:00Z,1926662,15,Mon,1,34
Residential,2020-04-06T11:00:00Z,1923691,15,Mon,1,35
Residential,2020-04-06T12:00:00Z,1920182,15,Mon,1,36
Residential,2020-04-06T13:00:00Z,1918941,15,Mon,1,37
Residential,2020-04-06T14:00:00Z,1921114,15,Mon,1,38
Residential,2020-04-06T15:00:00Z,1927448,15,Mon,1,39
Residential,2020-04-06T16:00:00Z,1939544,15,Mon,1,40
Residential,2020-04-06T17:00:00Z,1958431,15,Mon,1,41
Residential,2020-04-06T18:00:00Z,1974854,15,Mon,1,42
Residential,2020-04-06T19:00:00Z,1986419,15,Mon,1,43
Residential,2020-04-06T20:00:00Z,1994172,15,Mon,1,44
Residential,2020-04-06T21:00:00Z,1998148,15,Mon,1,45
Residential,2020-04-06T22:00:00Z,1999370,15,Mon,1,46
Residential,2020-04-06T23:00:00Z,2000140,15,Mon,1,47
Residential,2020-04-07T00:00:00Z,2013479,15,Tue,2,48
Residential,2020-04-07T01:00:00Z,2013210,15,Tue,2,49
Residential,2020-04-07T02:00:00Z,2013867,15,Tue,2,50
Residential,2020-04-07T03:00:00Z,2013291,15,Tue,2,51
Residential,2020-04-07T04:00:00Z,2011544,15,Tue,2,52
Residential,2020-04-07T05:00:00Z,2007677,15,Tue,2,53
Residential,2020-04-07T06:00:00Z,1995726,15,Tue,2,54
Residential,2020-04-07T07:00:00Z,1973547,15,Tue,2,55
Residential,2020-04-07T08:00:00Z,1944765,15,Tue,2,56
Residential,2020-04-07T09:00:00Z,1929971,15,Tue,2,57
Residential,2020-04-07T10:00:00Z,1922441,15,Tue,2,58
Residential,2020-04-07T11:00:00Z,1915392,15,Tue,2,59
Residential,2020-04-07T12:00:00Z,1912890,15,Tue,2,60
Residential,2020-04-07T13:00:00Z,1914376,15,Tue,2,61
Residential,2020-04-07T14:00:00Z,1916760,15,Tue,2,62
Residential,2020-04-07T15:00:00Z,1921310,15,Tue,2,63
Residential,2020-04-07T16:00:00Z,1934396,15,Tue,2,64
Residential,2020-04-07T17:00:00Z,1954865,15,Tue,2,65
Residential,2020-04-07T18:00:00Z,1971723,15,Tue,2,66
Residential,2020-04-07T19:00:00Z,1981068,15,Tue,2,67
Residential,2020-04-07T20:00:00Z,1988582,15,Tue,2,68
Residential,2020-04-07T21:00:00Z,1991669,15,Tue,2,69
Residential,2020-04-07T22:00:00Z,1994663,15,Tue,2,70
Residential,2020-04-07T23:00:00Z,1995958,15,Tue,2,71
Residential,2020-04-08T00:00:00Z,2013526,15,Wed,3,72
Residential,2020-04-08T01:00:00Z,2012278,15,Wed,3,73
Residential,2020-04-08T02:00:00Z,2011952,15,Wed,3,74
Residential,2020-04-08T03:00:00Z,2012479,15,Wed,3,75
Residential,2020-04-08T04:00:00Z,2009747,15,Wed,3,76
Residential,2020-04-08T05:00:00Z,2005440,15,Wed,3,77
Residential,2020-04-08T06:00:00Z,1994717,15,Wed,3,78
Residential,2020-04-08T07:00:00Z,1972068,15,Wed,3,79
Residential,2020-04-08T08:00:00Z,1942932,15,Wed,3,80
Residential,2020-04-08T09:00:00Z,1924942,15,Wed,3,81
Residential,2020-04-08T10:00:00Z,1915392,15,Wed,3,82
Residential,2020-04-08T11:00:00Z,1911343,15,Wed,3,83
Residential,2020-04-08T12:00:00Z,1909021,15,Wed,3,84
Residential,2020-04-08T13:00:00Z,1908124,15,Wed,3,85
Residential,2020-04-08T14:00:00Z,1909376,15,Wed,3,86
Residential,2020-04-08T15:00:00Z,1916545,15,Wed,3,87
Residential,2020-04-08T16:00:00Z,1929004,15,Wed,3,88
Residential,2020-04-08T17:00:00Z,1947858,15,Wed,3,89
Residential,2020-04-08T18:00:00Z,1963448,15,Wed,3,90
Residential,2020-04-08T19:00:00Z,1974892,15,Wed,3,91
Residential,2020-04-08T20:00:00Z,1984070,15,Wed,3,92
Residential,2020-04-08T21:00:00Z,1990742,15,Wed,3,93
Residential,2020-04-08T22:00:00Z,1993654,15,Wed,3,94
Residential,2020-04-08T23:00:00Z,1995766,15,Wed,3,95
Residential,2020-04-09T00:00:00Z,2014235,15,Thu,4,96
Residential,2020-04-09T01:00:00Z,2014174,15,Thu,4,97
Residential,2020-04-09T02:00:00Z,2014518,15,Thu,4,98
Residential,2020-04-09T03:00:00Z,2014393,15,Thu,4,99
Residential,2020-04-09T04:00:00Z,2012955,15,Thu,4,100
Residential,2020-04-09T05:00:00Z,2007388,15,Thu,4,101
Residential,2020-04-09T06:00:00Z,1994917,15,Thu,4,102
Residential,2020-04-09T07:00:00Z,1973215,15,Thu,4,103
Residential,2020-04-09T08:00:00Z,1942460,15,Thu,4,104
Residential,2020-04-09T09:00:00Z,1925489,15,Thu,4,105
Residential,2020-04-09T10:00:00Z,1917852,15,Thu,4,106
Residential,2020-04-09T11:00:00Z,1913022,15,Thu,4,107
Residential,2020-04-09T12:00:00Z,1910143,15,Thu,4,108
Residential,2020-04-09T13:00:00Z,1909039,15,Thu,4,109
Residential,2020-04-09T14:00:00Z,1911322,15,Thu,4,110
Residential,2020-04-09T15:00:00Z,1917814,15,Thu,4,111
Residential,2020-04-09T16:00:00Z,1930885,15,Thu,4,112
Residential,2020-04-09T17:00:00Z,1948271,15,Thu,4,113
Residential,2020-04-09T18:00:00Z,1964564,15,Thu,4,114
Residential,2020-04-09T19:00:00Z,1978465,15,Thu,4,115
Residential,2020-04-09T20:00:00Z,1987941,15,Thu,4,116
Residential,2020-04-09T21:00:00Z,1992521,15,Thu,4,117
Residential,2020-04-09T22:00:00Z,1995975,15,Thu,4,118
Residential,2020-04-09T23:00:00Z,1998458,15,Thu,4,119
Residential,2020-04-10T00:00:00Z,2024966,15,Fri,5,120
Residential,2020-04-10T01:00:00Z,2023913,15,Fri,5,121
Residential,2020-04-10T02:00:00Z,2024993,15,Fri,5,122
Residential,2020-04-10T03:00:00Z,2024356,15,Fri,5,123
Residential,2020-04-10T04:00:00Z,2023537,15,Fri,5,124
Residential,2020-04-10T05:00:00Z,2021866,15,Fri,5,125
Residential,2020-04-10T06:00:00Z,2019720,15,Fri,5,126
Residential,2020-04-10T07:00:00Z,2014257,15,Fri,5,127
Residential,2020-04-10T08:00:00Z,2009013,15,Fri,5,128
Residential,2020-04-10T09:00:00Z,2006627,15,Fri,5,129
Residential,2020-04-10T10:00:00Z,2004894,15,Fri,5,130
Residential,2020-04-10T11:00:00Z,2004454,15,Fri,5,131
Residential,2020-04-10T12:00:00Z,2004013,15,Fri,5,132
Residential,2020-04-10T13:00:00Z,2004157,15,Fri,5,133
Residential,2020-04-10T14:00:00Z,2003384,15,Fri,5,134
Residential,2020-04-10T15:00:00Z,2002513,15,Fri,5,135
Residential,2020-04-10T16:00:00Z,2008243,15,Fri,5,136
Residential,2020-04-10T17:00:00Z,2009450,15,Fri,5,137
Residential,2020-04-10T18:00:00Z,2011676,15,Fri,5,138
Residential,2020-04-10T19:00:00Z,2014547,15,Fri,5,139
Residential,2020-04-10T20:00:00Z,2015331,15,Fri,5,140
Residential,2020-04-10T21:00:00Z,2015683,15,Fri,5,141
Residential,2020-04-10T22:00:00Z,2016619,15,Fri,5,142
Residential,2020-04-10T23:00:00Z,2015941,15,Fri,5,143
Residential,2020-04-11T00:00:00Z,2022731,15,Sat,6,144
Residential,2020-04-11T01:00:00Z,2022990,15,Sat,6,145
Residential,2020-04-11T02:00:00Z,2022579,15,Sat,6,146
Residential,2020-04-11T03:00:00Z,2022386,15,Sat,6,147
Residential,2020-04-11T04:00:00Z,2021131,15,Sat,6,148
Residential,2020-04-11T05:00:00Z,2018694,15,Sat,6,149
Residential,2020-04-11T06:00:00Z,2013502,15,Sat,6,150
Residential,2020-04-11T07:00:00Z,2004451,15,Sat,6,151
Residential,2020-04-11T08:00:00Z,1993351,15,Sat,6,152
Residential,2020-04-11T09:00:00Z,1982346,15,Sat,6,153
Residential,2020-04-11T10:00:00Z,1975984,15,Sat,6,154
Residential,2020-04-11T11:00:00Z,1971293,15,Sat,6,155
Residential,2020-04-11T12:00:00Z,1970735,15,Sat,6,156
Residential,2020-04-11T13:00:00Z,1973002,15,Sat,6,157
Residential,2020-04-11T14:00:00Z,1972610,15,Sat,6,158
Residential,2020-04-11T15:00:00Z,1974142,15,Sat,6,159
Residential,2020-04-11T16:00:00Z,1977239,15,Sat,6,160
Residential,2020-04-11T17:00:00Z,1984217,15,Sat,6,161
Residential,2020-04-11T18:00:00Z,1991357,15,Sat,6,162
Residential,2020-04-11T19:00:00Z,1997670,15,Sat,6,163
Residential,2020-04-11T20:00:00Z,2002588,15,Sat,6,164
Residential,2020-04-11T21:00:00Z,2006214,15,Sat,6,165
Residential,2020-04-11T22:00:00Z,2009623,15,Sat,6,166
Residential,2020-04-11T23:00:00Z,2010526,15,Sat,6,167
Residential,2020-04-12T00:00:00Z,2020809,15,Sun,7,168
Residential,2020-04-12T01:00:00Z,2022945,15,Sun,7,169
Residential,2020-04-12T02:00:00Z,2022844,15,Sun,7,170
Residential,2020-04-12T03:00:00Z,2021749,15,Sun,7,171
Residential,2020-04-12T04:00:00Z,2022016,15,Sun,7,172
Residential,2020-04-12T05:00:00Z,2021214,15,Sun,7,173
Residential,2020-04-12T06:00:00Z,2018444,15,Sun,7,174
Residential,2020-04-12T07:00:00Z,2012022,15,Sun,7,175
Residential,2020-04-12T08:00:00Z,2006590,15,Sun,7,176
Residential,2020-04-12T09:00:00Z,2002053,15,Sun,7,177
Residential,2020-04-12T10:00:00Z,1999574,15,Sun,7,178
Residential,2020-04-12T11:00:00Z,1997368,15,Sun,7,179
Residential,2020-04-12T12:00:00Z,1995382,15,Sun,7,180
Residential,2020-04-12T13:00:00Z,1994823,15,Sun,7,181
Residential,2020-04-12T14:00:00Z,1994501,15,Sun,7,182
Residential,2020-04-12T15:00:00Z,1995940,15,Sun,7,183
Residential,2020-04-12T16:00:00Z,1997414,15,Sun,7,184
Residential,2020-04-12T17:00:00Z,1999809,15,Sun,7,185
Residential,2020-04-12T18:00:00Z,2005150,15,Sun,7,186
Residential,2020-04-12T19:00:00Z,2008704,15,Sun,7,187
Residential,2020-04-12T20:00:00Z,2012618,15,Sun,7,188
Residential,2020-04-12T21:00:00Z,2015225,15,Sun,7,189
Residential,2020-04-12T22:00:00Z,2013168,15,Sun,7,190
Residential,2020-04-12T23:00:00Z,2014550,15,Sun,7,191
Residential,2020-04-13T00:00:00Z,2022327,16,Mon,1,24
Residential,2020-04-13T01:00:00Z,2023979,16,Mon,1,25
Residential,2020-04-13T02:00:00Z,2022583,16,Mon,1,26
Residential,2020-04-13T03:00:00Z,2022302,16,Mon,1,27
Residential,2020-04-13T04:00:00Z,2021425,16,Mon,1,28
Residential,2020-04-13T05:00:00Z,2020035,16,Mon,1,29
Residential,2020-04-13T06:00:00Z,2016174,16,Mon,1,30
Residential,2020-04-13T07:00:00Z,2010150,16,Mon,1,31
Residential,2020-04-13T08:00:00Z,2003942,16,Mon,1,32
Residential,2020-04-13T09:00:00Z,1996750,16,Mon,1,33
Residential,2020-04-13T10:00:00Z,1990252,16,Mon,1,34
Residential,2020-04-13T11:00:00Z,1989171,16,Mon,1,35
Residential,2020-04-13T12:00:00Z,1986693,16,Mon,1,36
Residential,2020-04-13T13:00:00Z,1984224,16,Mon,1,37
Residential,2020-04-13T14:00:00Z,1983614,16,Mon,1,38
Residential,2020-04-13T15:00:00Z,1983315,16,Mon,1,39
Residential,2020-04-13T16:00:00Z,1989780,16,Mon,1,40
Residential,2020-04-13T17:00:00Z,1995016,16,Mon,1,41
Residential,2020-04-13T18:00:00Z,1999049,16,Mon,1,42
Residential,2020-04-13T19:00:00Z,2002906,16,Mon,1,43
Residential,2020-04-13T20:00:00Z,2008112,16,Mon,1,44
Residential,2020-04-13T21:00:00Z,2008256,16,Mon,1,45
Residential,2020-04-13T22:00:00Z,2009291,16,Mon,1,46
Residential,2020-04-13T23:00:00Z,2009917,16,Mon,1,47
Residential,2020-04-14T00:00:00Z,2012371,16,Tue,2,48
Residential,2020-04-14T01:00:00Z,2012878,16,Tue,2,49
Residential,2020-04-14T02:00:00Z,2013788,16,Tue,2,50
Residential,2020-04-14T03:00:00Z,2012239,16,Tue,2,51
Residential,2020-04-14T04:00:00Z,2011223,16,Tue,2,52
Residential,2020-04-14T05:00:00Z,2007113,16,Tue,2,53
Residential,2020-04-14T06:00:00Z,1996393,16,Tue,2,54
Residential,2020-04-14T07:00:00Z,1972976,16,Tue,2,55
Residential,2020-04-14T08:00:00Z,1946212,16,Tue,2,56
Residential,2020-04-14T09:00:00Z,1928878,16,Tue,2,57
Residential,2020-04-14T10:00:00Z,1920915,16,Tue,2,58
Residential,2020-04-14T11:00:00Z,1916756,16,Tue,2,59
Residential,2020-04-14T12:00:00Z,1914506,16,Tue,2,60
Residential,2020-04-14T13:00:00Z,1913244,16,Tue,2,61
Residential,2020-04-14T14:00:00Z,1913506,16,Tue,2,62
Residential,2020-04-14T15:00:00Z,1920088,16,Tue,2,63
Residential,2020-04-14T16:00:00Z,1933254,16,Tue,2,64
Residential,2020-04-14T17:00:00Z,1950705,16,Tue,2,65
Residential,2020-04-14T18:00:00Z,1968890,16,Tue,2,66
Residential,2020-04-14T19:00:00Z,1980803,16,Tue,2,67
Residential,2020-04-14T20:00:00Z,1988739,16,Tue,2,68
Residential,2020-04-14T21:00:00Z,1993122,16,Tue,2,69
Residential,2020-04-14T22:00:00Z,1995538,16,Tue,2,70
Residential,2020-04-14T23:00:00Z,1996853,16,Tue,2,71
Residential,2020-04-15T00:00:00Z,2009981,16,Wed,3,72
Residential,2020-04-15T01:00:00Z,2010579,16,Wed,3,73
Residential,2020-04-15T02:00:00Z,2011139,16,Wed,3,74
Residential,2020-04-15T03:00:00Z,2010461,16,Wed,3,75
Residential,2020-04-15T04:00:00Z,2008019,16,Wed,3,76
Residential,2020-04-15T05:00:00Z,2003066,16,Wed,3,77
Residential,2020-04-15T06:00:00Z,1991196,16,Wed,3,78
Residential,2020-04-15T07:00:00Z,1971464,16,Wed,3,79
Residential,2020-04-15T08:00:00Z,1944881,16,Wed,3,80
Residential,2020-04-15T09:00:00Z,1927182,16,Wed,3,81
Residential,2020-04-15T10:00:00Z,1919541,16,Wed,3,82
Residential,2020-04-15T11:00:00Z,1912796,16,Wed,3,83
Residential,2020-04-15T12:00:00Z,1910029,16,Wed,3,84
Residential,2020-04-15T13:00:00Z,1909058,16,Wed,3,85
Residential,2020-04-15T14:00:00Z,1908906,16,Wed,3,86
Residential,2020-04-15T15:00:00Z,1915974,16,Wed,3,87
Residential,2020-04-15T16:00:00Z,1928818,16,Wed,3,88
Residential,2020-04-15T17:00:00Z,1946033,16,Wed,3,89
Residential,2020-04-15T18:00:00Z,1963763,16,Wed,3,90
Residential,2020-04-15T19:00:00Z,1977116,16,Wed,3,91
Residential,2020-04-15T20:00:00Z,1987077,16,Wed,3,92
Residential,2020-04-15T21:00:00Z,1991637,16,Wed,3,93
Residential,2020-04-15T22:00:00Z,1992618,16,Wed,3,94
Residential,2020-04-15T23:00:00Z,1993801,16,Wed,3,95
Residential,2020-04-16T00:00:00Z,2010226,16,Thu,4,96
Residential,2020-04-16T01:00:00Z,2012554,16,Thu,4,97
Residential,2020-04-16T02:00:00Z,2011896,16,Thu,4,98
Residential,2020-04-16T03:00:00Z,2011134,16,Thu,4,99
Residential,2020-04-16T04:00:00Z,2009732,16,Thu,4,100
Residential,2020-04-16T05:00:00Z,2003661,16,Thu,4,101
Residential,2020-04-16T06:00:00Z,1992017,16,Thu,4,102
Residential,2020-04-16T07:00:00Z,1969544,16,Thu,4,103
Residential,2020-04-16T08:00:00Z,1942303,16,Thu,4,104
Residential,2020-04-16T09:00:00Z,1926943,16,Thu,4,105
Residential,2020-04-16T10:00:00Z,1919555,16,Thu,4,106
Residential,2020-04-16T11:00:00Z,1914608,16,Thu,4,107
Residential,2020-04-16T12:00:00Z,1909893,16,Thu,4,108
Residential,2020-04-16T13:00:00Z,1909698,16,Thu,4,109
Residential,2020-04-16T14:00:00Z,1911023,16,Thu,4,110
Residential,2020-04-16T15:00:00Z,1916592,16,Thu,4,111
Residential,2020-04-16T16:00:00Z,1929192,16,Thu,4,112
Residential,2020-04-16T17:00:00Z,1945509,16,Thu,4,113
Residential,2020-04-16T18:00:00Z,1962083,16,Thu,4,114
Residential,2020-04-16T19:00:00Z,1975133,16,Thu,4,115
Residential,2020-04-16T20:00:00Z,1982938,16,Thu,4,116
Residential,2020-04-16T21:00:00Z,1989014,16,Thu,4,117
Residential,2020-04-16T22:00:00Z,1989234,16,Thu,4,118
Residential,2020-04-16T23:00:00Z,1991654,16,Thu,4,119
Residential,2020-04-17T00:00:00Z,2007007,16,Fri,5,120
Residential,2020-04-17T01:00:00Z,2008351,16,Fri,5,121
Residential,2020-04-17T02:00:00Z,2008891,16,Fri,5,122
Residential,2020-04-17T03:00:00Z,2007999,16,Fri,5,123
Residential,2020-04-17T04:00:00Z,2004899,16,Fri,5,124
Residential,2020-04-17T05:00:00Z,2000274,16,Fri,5,125
Residential,2020-04-17T06:00:00Z,1989283,16,Fri,5,126
Residential,2020-04-17T07:00:00Z,1969196,16,Fri,5,127
Residential,2020-04-17T08:00:00Z,1944240,16,Fri,5,128
Residential,2020-04-17T09:00:00Z,1930186,16,Fri,5,129
Residential,2020-04-17T10:00:00Z,1920304,16,Fri,5,130
Residential,2020-04-17T11:00:00Z,1916771,16,Fri,5,131
Residential,2020-04-17T12:00:00Z,1913487,16,Fri,5,132
Residential,2020-04-17T13:00:00Z,1912777,16,Fri,5,133
Residential,2020-04-17T14:00:00Z,1914486,16,Fri,5,134
Residential,2020-04-17T15:00:00Z,1919967,16,Fri,5,135
Residential,2020-04-17T16:00:00Z,1933012,16,Fri,5,136
Residential,2020-04-17T17:00:00Z,1949846,16,Fri,5,137
Residential,2020-04-17T18:00:00Z,1966258,16,Fri,5,138
Residential,2020-04-17T19:00:00Z,1978157,16,Fri,5,139
Residential,2020-04-17T20:00:00Z,1986300,16,Fri,5,140
Residential,2020-04-17T21:00:00Z,1990502,16,Fri,5,141
Residential,2020-04-17T22:00:00Z,1992990,16,Fri,5,142
Residential,2020-04-17T23:00:00Z,1995514,16,Fri,5,143
Residential,2020-04-18T00:00:00Z,2013245,16,Sat,6,144
Residential,2020-04-18T01:00:00Z,2014265,16,Sat,6,145
Residential,2020-04-18T02:00:00Z,2014021,16,Sat,6,146
Residential,2020-04-18T03:00:00Z,2013725,16,Sat,6,147
Residential,2020-04-18T04:00:00Z,2014059,16,Sat,6,148
Residential,2020-04-18T05:00:00Z,2012262,16,Sat,6,149
Residential,2020-04-18T06:00:00Z,2007296,16,Sat,6,150
Residential,2020-04-18T07:00:00Z,1997464,16,Sat,6,151
Residential,2020-04-18T08:00:00Z,1991050,16,Sat,6,152
Residential,2020-04-18T09:00:00Z,1984597,16,Sat,6,153
Residential,2020-04-18T10:00:00Z,1981693,16,Sat,6,154
Residential,2020-04-18T11:00:00Z,1978264,16,Sat,6,155
Residential,2020-04-18T12:00:00Z,1974143,16,Sat,6,156
Residential,2020-04-18T13:00:00Z,1974706,16,Sat,6,157
Residential,2020-04-18T14:00:00Z,1974246,16,Sat,6,158
Residential,2020-04-18T15:00:00Z,1975045,16,Sat,6,159
Residential,2020-04-18T16:00:00Z,1979000,16,Sat,6,160
Residential,2020-04-18T17:00:00Z,1984159,16,Sat,6,161
Residential,2020-04-18T18:00:00Z,1990647,16,Sat,6,162
Residential,2020-04-18T19:00:00Z,1995970,16,Sat,6,163
Residential,2020-04-18T20:00:00Z,2002761,16,Sat,6,164
Residential,2020-04-18T21:00:00Z,2005513,16,Sat,6,165
Residential,2020-04-18T22:00:00Z,2005699,16,Sat,6,166
Residential,2020-04-18T23:00:00Z,2006443,16,Sat,6,167
Residential,2020-04-19T00:00:00Z,2017963,16,Sun,7,168
Residential,2020-04-19T01:00:00Z,2018576,16,Sun,7,169
Residential,2020-04-19T02:00:00Z,2018230,16,Sun,7,170
Residential,2020-04-19T03:00:00Z,2017649,16,Sun,7,171
Residential,2020-04-19T04:00:00Z,2016755,16,Sun,7,172
Residential,2020-04-19T05:00:00Z,2015048,16,Sun,7,173
Residential,2020-04-19T06:00:00Z,2012027,16,Sun,7,174
Residential,2020-04-19T07:00:00Z,2005417,16,Sun,7,175
Residential,2020-04-19T08:00:00Z,1999225,16,Sun,7,176
Residential,2020-04-19T09:00:00Z,1993504,16,Sun,7,177
Residential,2020-04-19T10:00:00Z,1990672,16,Sun,7,178
Residential,2020-04-19T11:00:00Z,1987420,16,Sun,7,179
Residential,2020-04-19T12:00:00Z,1985277,16,Sun,7,180
Residential,2020-04-19T13:00:00Z,1983925,16,Sun,7,181
Residential,2020-04-19T14:00:00Z,1983115,16,Sun,7,182
Residential,2020-04-19T15:00:00Z,1983589,16,Sun,7,183
Residential,2020-04-19T16:00:00Z,1986118,16,Sun,7,184
Residential,2020-04-19T17:00:00Z,1990822,16,Sun,7,185
Residential,2020-04-19T18:00:00Z,1995995,16,Sun,7,186
Residential,2020-04-19T19:00:00Z,2001208,16,Sun,7,187
Residential,2020-04-19T20:00:00Z,2004334,16,Sun,7,188
Residential,2020-04-19T21:00:00Z,2007664,16,Sun,7,189
Residential,2020-04-19T22:00:00Z,2007342,16,Sun,7,190
Residential,2020-04-19T23:00:00Z,2008209,16,Sun,7,191
Retail,2020-04-06T01:00:00Z,23613,15,Mon,1,25
Retail,2020-04-06T02:00:00Z,23449,15,Mon,1,26
Retail,2020-04-06T03:00:00Z,23530,15,Mon,1,27
Retail,2020-04-06T04:00:00Z,23657,15,Mon,1,28
Retail,2020-04-06T05:00:00Z,23838,15,Mon,1,29
Retail,2020-04-06T06:00:00Z,24303,15,Mon,1,30
Retail,2020-04-06T07:00:00Z,24785,15,Mon,1,31
Retail,2020-04-06T08:00:00Z,26275,15,Mon,1,32
Retail,2020-04-06T09:00:00Z,27928,15,Mon,1,33
Retail,2020-04-06T10:00:00Z,28541,15,Mon,1,34
Retail,2020-04-06T11:00:00Z,29131,15,Mon,1,35
Retail,2020-04-06T12:00:00Z,29296,15,Mon,1,36
Retail,2020-04-06T13:00:00Z,29362,15,Mon,1,37
Retail,2020-04-06T14:00:00Z,29680,15,Mon,1,38
Retail,2020-04-06T15:00:00Z,29509,15,Mon,1,39
Retail,2020-04-06T16:00:00Z,28545,15,Mon,1,40
Retail,2020-04-06T17:00:00Z,28151,15,Mon,1,41
Retail,2020-04-06T18:00:00Z,27413,15,Mon,1,42
Retail,2020-04-06T19:00:00Z,26867,15,Mon,1,43
Retail,2020-04-06T20:00:00Z,26189,15,Mon,1,44
Retail,2020-04-06T21:00:00Z,25641,15,Mon,1,45
Retail,2020-04-06T22:00:00Z,25340,15,Mon,1,46
Retail,2020-04-06T23:00:00Z,25191,15,Mon,1,47
Retail,2020-04-07T00:00:00Z,23856,15,Tue,2,48
Retail,2020-04-07T01:00:00Z,23914,15,Tue,2,49
Retail,2020-04-07T02:00:00Z,23951,15,Tue,2,50
Retail,2020-04-07T03:00:00Z,23941,15,Tue,2,51
Retail,2020-04-07T04:00:00Z,23841,15,Tue,2,52
Retail,2020-04-07T05:00:00Z,24220,15,Tue,2,53
Retail,2020-04-07T06:00:00Z,24701,15,Tue,2,54
Retail,2020-04-07T07:00:00Z,25267,15,Tue,2,55
Retail,2020-04-07T08:00:00Z,26841,15,Tue,2,56
Retail,2020-04-07T09:00:00Z,28013,15,Tue,2,57
Retail,2020-04-07T10:00:00Z,28973,15,Tue,2,58
Retail,2020-04-07T11:00:00Z,29536,15,Tue,2,59
Retail,2020-04-07T12:00:00Z,29881,15,Tue,2,60
Retail,2020-04-07T13:00:00Z,29912,15,Tue,2,61
Retail,2020-04-07T14:00:00Z,29760,15,Tue,2,62
Retail,2020-04-07T15:00:00Z,30099,15,Tue,2,63
Retail,2020-04-07T16:00:00Z,29370,15,Tue,2,64
Retail,2020-04-07T17:00:00Z,28811,15,Tue,2,65
Retail,2020-04-07T18:00:00Z,28050,15,Tue,2,66
Retail,2020-04-07T19:00:00Z,27750,15,Tue,2,67
Retail,2020-04-07T20:00:00Z,26710,15,Tue,2,68
Retail,2020-04-07T21:00:00Z,26108,15,Tue,2,69
Retail,2020-04-07T22:00:00Z,25488,15,Tue,2,70
Retail,2020-04-07T23:00:00Z,25252,15,Tue,2,71
Retail,2020-04-08T00:00:00Z,23886,15,Wed,3,72
Retail,2020-04-08T01:00:00Z,23872,15,Wed,3,73
Retail,2020-04-08T02:00:00Z,24031,15,Wed,3,74
Retail,2020-04-08T03:00:00Z,23977,15,Wed,3,75
Retail,2020-04-08T04:00:00Z,23970,15,Wed,3,76
Retail,2020-04-08T05:00:00Z,24133,15,Wed,3,77
Retail,2020-04-08T06:00:00Z,24695,15,Wed,3,78
Retail,2020-04-08T07:00:00Z,25541,15,Wed,3,79
Retail,2020-04-08T08:00:00Z,26835,15,Wed,3,80
Retail,2020-04-08T09:00:00Z,28501,15,Wed,3,81
Retail,2020-04-08T10:00:00Z,29879,15,Wed,3,82
Retail,2020-04-08T11:00:00Z,30429,15,Wed,3,83
Retail,2020-04-08T12:00:00Z,30825,15,Wed,3,84
Retail,2020-04-08T13:00:00Z,30602,15,Wed,3,85
Retail,2020-04-08T14:00:00Z,30429,15,Wed,3,86
Retail,2020-04-08T15:00:00Z,30042,15,Wed,3,87
Retail,2020-04-08T16:00:00Z,29853,15,Wed,3,88
Retail,2020-04-08T17:00:00Z,29645,15,Wed,3,89
Retail,2020-04-08T18:00:00Z,29248,15,Wed,3,90
Retail,2020-04-08T19:00:00Z,28878,15,Wed,3,91
Retail,2020-04-08T20:00:00Z,27811,15,Wed,3,92
Retail,2020-04-08T21:00:00Z,27116,15,Wed,3,93
Retail,2020-04-08T22:00:00Z,26051,15,Wed,3,94
Retail,2020-04-08T23:00:00Z,25753,15,Wed,3,95
Retail,2020-04-09T00:00:00Z,24014,15,Thu,4,96
Retail,2020-04-09T01:00:00Z,23753,15,Thu,4,97
Retail,2020-04-09T02:00:00Z,23770,15,Thu,4,98
Retail,2020-04-09T03:00:00Z,23761,15,Thu,4,99
Retail,2020-04-09T04:00:00Z,23917,15,Thu,4,100
Retail,2020-04-09T05:00:00Z,24173,15,Thu,4,101
Retail,2020-04-09T06:00:00Z,24643,15,Thu,4,102
Retail,2020-04-09T07:00:00Z,25586,15,Thu,4,103
Retail,2020-04-09T08:00:00Z,27373,15,Thu,4,104
Retail,2020-04-09T09:00:00Z,29108,15,Thu,4,105
Retail,2020-04-09T10:00:00Z,29813,15,Thu,4,106
Retail,2020-04-09T11:00:00Z,30299,15,Thu,4,107
Retail,2020-04-09T12:00:00Z,31175,15,Thu,4,108
Retail,2020-04-09T13:00:00Z,31010,15,Thu,4,109
Retail,2020-04-09T14:00:00Z,30952,15,Thu,4,110
Retail,2020-04-09T15:00:00Z,30614,15,Thu,4,111
Retail,2020-04-09T16:00:00Z,30562,15,Thu,4,112
Retail,2020-04-09T17:00:00Z,29908,15,Thu,4,113
Retail,2020-04-09T18:00:00Z,29219,15,Thu,4,114
Retail,2020-04-09T19:00:00Z,28697,15,Thu,4,115
Retail,2020-04-09T20:00:00Z,27650,15,Thu,4,116
Retail,2020-04-09T21:00:00Z,27020,15,Thu,4,117
Retail,2020-04-09T22:00:00Z,26321,15,Thu,4,118
Retail,2020-04-09T23:00:00Z,25683,15,Thu,4,119
Retail,2020-04-10T00:00:00Z,22963,15,Fri,5,120
Retail,2020-04-10T01:00:00Z,23026,15,Fri,5,121
Retail,2020-04-10T02:00:00Z,22931,15,Fri,5,122
Retail,2020-04-10T03:00:00Z,23030,15,Fri,5,123
Retail,2020-04-10T04:00:00Z,23115,15,Fri,5,124
Retail,2020-04-10T05:00:00Z,23173,15,Fri,5,125
Retail,2020-04-10T06:00:00Z,23199,15,Fri,5,126
Retail,2020-04-10T07:00:00Z,23112,15,Fri,5,127
Retail,2020-04-10T08:00:00Z,23400,15,Fri,5,128
Retail,2020-04-10T09:00:00Z,23650,15,Fri,5,129
Retail,2020-04-10T10:00:00Z,23532,15,Fri,5,130
Retail,2020-04-10T11:00:00Z,23841,15,Fri,5,131
Retail,2020-04-10T12:00:00Z,24325,15,Fri,5,132
Retail,2020-04-10T13:00:00Z,24255,15,Fri,5,133
Retail,2020-04-10T14:00:00Z,24293,15,Fri,5,134
Retail,2020-04-10T15:00:00Z,24046,15,Fri,5,135
Retail,2020-04-10T16:00:00Z,23980,15,Fri,5,136
Retail,2020-04-10T17:00:00Z,23571,15,Fri,5,137
Retail,2020-04-10T18:00:00Z,23415,15,Fri,5,138
Retail,2020-04-10T19:00:00Z,23385,15,Fri,5,139
Retail,2020-04-10T20:00:00Z,23320,15,Fri,5,140
Retail,2020-04-10T21:00:00Z,23507,15,Fri,5,141
Retail,2020-04-10T22:00:00Z,23159,15,Fri,5,142
Retail,2020-04-10T23:00:00Z,23091,15,Fri,5,143
Retail,2020-04-11T00:00:00Z,23160,15,Sat,6,144
Retail,2020-04-11T01:00:00Z,23156,15,Sat,6,145
Retail,2020-04-11T02:00:00Z,23176,15,Sat,6,146
Retail,2020-04-11T03:00:00Z,23255,15,Sat,6,147
Retail,2020-04-11T04:00:00Z,23494,15,Sat,6,148
Retail,2020-04-11T05:00:00Z,23715,15,Sat,6,149
Retail,2020-04-11T06:00:00Z,23881,15,Sat,6,150
Retail,2020-04-11T07:00:00Z,24523,15,Sat,6,151
Retail,2020-04-11T08:00:00Z,26128,15,Sat,6,152
Retail,2020-04-11T09:00:00Z,27796,15,Sat,6,153
Retail,2020-04-11T10:00:00Z,28639,15,Sat,6,154
Retail,2020-04-11T11:00:00Z,29590,15,Sat,6,155
Retail,2020-04-11T12:00:00Z,30211,15,Sat,6,156
Retail,2020-04-11T13:00:00Z,30024,15,Sat,6,157
Retail,2020-04-11T14:00:00Z,30194,15,Sat,6,158
Retail,2020-04-11T15:00:00Z,30236,15,Sat,6,159
Retail,2020-04-11T16:00:00Z,29884,15,Sat,6,160
Retail,2020-04-11T17:00:00Z,29023,15,Sat,6,161
Retail,2020-04-11T18:00:00Z,28183,15,Sat,6,162
Retail,2020-04-11T19:00:00Z,27557,15,Sat,6,163
Retail,2020-04-11T20:00:00Z,26530,15,Sat,6,164
Retail,2020-04-11T21:00:00Z,25892,15,Sat,6,165
Retail,2020-04-11T22:00:00Z,25411,15,Sat,6,166
Retail,2020-04-11T23:00:00Z,25254,15,Sat,6,167
Retail,2020-04-12T00:00:00Z,23180,15,Sun,7,168
Retail,2020-04-12T01:00:00Z,23310,15,Sun,7,169
Retail,2020-04-12T02:00:00Z,23414,15,Sun,7,170
Retail,2020-04-12T03:00:00Z,23445,15,Sun,7,171
Retail,2020-04-12T04:00:00Z,23068,15,Sun,7,172
Retail,2020-04-12T05:00:00Z,23232,15,Sun,7,173
Retail,2020-04-12T06:00:00Z,23464,15,Sun,7,174
Retail,2020-04-12T07:00:00Z,24017,15,Sun,7,175
Retail,2020-04-12T08:00:00Z,24980,15,Sun,7,176
Retail,2020-04-12T09:00:00Z,25725,15,Sun,7,177
Retail,2020-04-12T10:00:00Z,26185,15,Sun,7,178
Retail,2020-04-12T11:00:00Z,26420,15,Sun,7,179
Retail,2020-04-12T12:00:00Z,26611,15,Sun,7,180
Retail,2020-04-12T13:00:00Z,27176,15,Sun,7,181
Retail,2020-04-12T14:00:00Z,27105,15,Sun,7,182
Retail,2020-04-12T15:00:00Z,27120,15,Sun,7,183
Retail,2020-04-12T16:00:00Z,27363,15,Sun,7,184
Retail,2020-04-12T17:00:00Z,26945,15,Sun,7,185
Retail,2020-04-12T18:00:00Z,26421,15,Sun,7,186
Retail,2020-04-12T19:00:00Z,25998,15,Sun,7,187
Retail,2020-04-12T20:00:00Z,25423,15,Sun,7,188
Retail,2020-04-12T21:00:00Z,24951,15,Sun,7,189
Retail,2020-04-12T22:00:00Z,24647,15,Sun,7,190
Retail,2020-04-12T23:00:00Z,24373,15,Sun,7,191
Retail,2020-04-13T00:00:00Z,23405,16,Mon,1,24
Retail,2020-04-13T01:00:00Z,23506,16,Mon,1,25
Retail,2020-04-13T02:00:00Z,23564,16,Mon,1,26
Retail,2020-04-13T03:00:00Z,23841,16,Mon,1,27
Retail,2020-04-13T04:00:00Z,23939,16,Mon,1,28
Retail,2020-04-13T05:00:00Z,23992,16,Mon,1,29
Retail,2020-04-13T06:00:00Z,24167,16,Mon,1,30
Retail,2020-04-13T07:00:00Z,24435,16,Mon,1,31
Retail,2020-04-13T08:00:00Z,25010,16,Mon,1,32
Retail,2020-04-13T09:00:00Z,25956,16,Mon,1,33
Retail,2020-04-13T10:00:00Z,26635,16,Mon,1,34
Retail,2020-04-13T11:00:00Z,27143,16,Mon,1,35
Retail,2020-04-13T12:00:00Z,27615,16,Mon,1,36
Retail,2020-04-13T13:00:00Z,27991,16,Mon,1,37
Retail,2020-04-13T14:00:00Z,28314,16,Mon,1,38
Retail,2020-04-13T15:00:00Z,28197,16,Mon,1,39
Retail,2020-04-13T16:00:00Z,27737,16,Mon,1,40
Retail,2020-04-13T17:00:00Z,26907,16,Mon,1,41
Retail,2020-04-13T18:00:00Z,26298,16,Mon,1,42
Retail,2020-04-13T19:00:00Z,26007,16,Mon,1,43
Retail,2020-04-13T20:00:00Z,25564,16,Mon,1,44
Retail,2020-04-13T21:00:00Z,25274,16,Mon,1,45
Retail,2020-04-13T22:00:00Z,24859,16,Mon,1,46
Retail,2020-04-13T23:00:00Z,24523,16,Mon,1,47
Retail,2020-04-14T00:00:00Z,23846,16,Tue,2,48
Retail,2020-04-14T01:00:00Z,24000,16,Tue,2,49
Retail,2020-04-14T02:00:00Z,23778,16,Tue,2,50
Retail,2020-04-14T03:00:00Z,23992,16,Tue,2,51
Retail,2020-04-14T04:00:00Z,24007,16,Tue,2,52
Retail,2020-04-14T05:00:00Z,24384,16,Tue,2,53
Retail,2020-04-14T06:00:00Z,24332,16,Tue,2,54
Retail,2020-04-14T07:00:00Z,24995,16,Tue,2,55
Retail,2020-04-14T08:00:00Z,26228,16,Tue,2,56
Retail,2020-04-14T09:00:00Z,27638,16,Tue,2,57
Retail,2020-04-14T10:00:00Z,28447,16,Tue,2,58
Retail,2020-04-14T11:00:00Z,29230,16,Tue,2,59
Retail,2020-04-14T12:00:00Z,29613,16,Tue,2,60
Retail,2020-04-14T13:00:00Z,30067,16,Tue,2,61
Retail,2020-04-14T14:00:00Z,29952,16,Tue,2,62
Retail,2020-04-14T15:00:00Z,29810,16,Tue,2,63
Retail,2020-04-14T16:00:00Z,29250,16,Tue,2,64
Retail,2020-04-14T17:00:00Z,28906,16,Tue,2,65
Retail,2020-04-14T18:00:00Z,27867,16,Tue,2,66
Retail,2020-04-14T19:00:00Z,27024,16,Tue,2,67
Retail,2020-04-14T20:00:00Z,26409,16,Tue,2,68
Retail,2020-04-14T21:00:00Z,26190,16,Tue,2,69
Retail,2020-04-14T22:00:00Z,25654,16,Tue,2,70
Retail,2020-04-14T23:00:00Z,25349,16,Tue,2,71
Retail,2020-04-15T00:00:00Z,23969,16,Wed,3,72
Retail,2020-04-15T01:00:00Z,24035,16,Wed,3,73
Retail,2020-04-15T02:00:00Z,24151,16,Wed,3,74
Retail,2020-04-15T03:00:00Z,24162,16,Wed,3,75
Retail,2020-04-15T04:00:00Z,24182,16,Wed,3,76
Retail,2020-04-15T05:00:00Z,24404,16,Wed,3,77
Retail,2020-04-15T06:00:00Z,24911,16,Wed,3,78
Retail,2020-04-15T07:00:00Z,25516,16,Wed,3,79
Retail,2020-04-15T08:00:00Z,26758,16,Wed,3,80
Retail,2020-04-15T09:00:00Z,28032,16,Wed,3,81
Retail,2020-04-15T10:00:00Z,28628,16,Wed,3,82
Retail,2020-04-15T11:00:00Z,29661,16,Wed,3,83
Retail,2020-04-15T12:00:00Z,30048,16,Wed,3,84
Retail,2020-04-15T13:00:00Z,29815,16,Wed,3,85
Retail,2020-04-15T14:00:00Z,30181,16,Wed,3,86
Retail,2020-04-15T15:00:00Z,30018,16,Wed,3,87
Retail,2020-04-15T16:00:00Z,29610,16,Wed,3,88
Retail,2020-04-15T17:00:00Z,29346,16,Wed,3,89
Retail,2020-04-15T18:00:00Z,28447,16,Wed,3,90
Retail,2020-04-15T19:00:00Z,27949,16,Wed,3,91
Retail,2020-04-15T20:00:00Z,26825,16,Wed,3,92
Retail,2020-04-15T21:00:00Z,26204,16,Wed,3,93
Retail,2020-04-15T22:00:00Z,25827,16,Wed,3,94
Retail,2020-04-15T23:00:00Z,25345,16,Wed,3,95
Retail,2020-04-16T00:00:00Z,23621,16,Thu,4,96
Retail,2020-04-16T01:00:00Z,23722,16,Thu,4,97
Retail,2020-04-16T02:00:00Z,23734,16,Thu,4,98
Retail,2020-04-16T03:00:00Z,23717,16,Thu,4,99
Retail,2020-04-16T04:00:00Z,23863,16,Thu,4,100
Retail,2020-04-16T05:00:00Z,24215,16,Thu,4,101
Retail,2020-04-16T06:00:00Z,24703,16,Thu,4,102
Retail,2020-04-16T07:00:00Z,25453,16,Thu,4,103
Retail,2020-04-16T08:00:00Z,26717,16,Thu,4,104
Retail,2020-04-16T09:00:00Z,27576,16,Thu,4,105
Retail,2020-04-16T10:00:00Z,28435,16,Thu,4,106
Retail,2020-04-16T11:00:00Z,29481,16,Thu,4,107
Retail,2020-04-16T12:00:00Z,30187,16,Thu,4,108
Retail,2020-04-16T13:00:00Z,30254,16,Thu,4,109
Retail,2020-04-16T14:00:00Z,29880,16,Thu,4,110
Retail,2020-04-16T15:00:00Z,29652,16,Thu,4,111
Retail,2020-04-16T16:00:00Z,29649,16,Thu,4,112
Retail,2020-04-16T17:00:00Z,29022,16,Thu,4,113
Retail,2020-04-16T18:00:00Z,28013,16,Thu,4,114
Retail,2020-04-16T19:00:00Z,27127,16,Thu,4,115
Retail,2020-04-16T20:00:00Z,26518,16,Thu,4,116
Retail,2020-04-16T21:00:00Z,25879,16,Thu,4,117
Retail,2020-04-16T22:00:00Z,25135,16,Thu,4,118
Retail,2020-04-16T23:00:00Z,24771,16,Thu,4,119
Retail,2020-04-17T00:00:00Z,23734,16,Fri,5,120
Retail,2020-04-17T01:00:00Z,23722,16,Fri,5,121
Retail,2020-04-17T02:00:00Z,23821,16,Fri,5,122
Retail,2020-04-17T03:00:00Z,23791,16,Fri,5,123
Retail,2020-04-17T04:00:00Z,23981,16,Fri,5,124
Retail,2020-04-17T05:00:00Z,24138,16,Fri,5,125
Retail,2020-04-17T06:00:00Z,24659,16,Fri,5,126
Retail,2020-04-17T07:00:00Z,25194,16,Fri,5,127
Retail,2020-04-17T08:00:00Z,26721,16,Fri,5,128
Retail,2020-04-17T09:00:00Z,27773,16,Fri,5,129
Retail,2020-04-17T10:00:00Z,28602,16,Fri,5,130
Retail,2020-04-17T11:00:00Z,29578,16,Fri,5,131
Retail,2020-04-17T12:00:00Z,30037,16,Fri,5,132
Retail,2020-04-17T13:00:00Z,30257,16,Fri,5,133
Retail,2020-04-17T14:00:00Z,30481,16,Fri,5,134
Retail,2020-04-17T15:00:00Z,30252,16,Fri,5,135
Retail,2020-04-17T16:00:00Z,29627,16,Fri,5,136
Retail,2020-04-17T17:00:00Z,29142,16,Fri,5,137
Retail,2020-04-17T18:00:00Z,28261,16,Fri,5,138
Retail,2020-04-17T19:00:00Z,27536,16,Fri,5,139
Retail,2020-04-17T20:00:00Z,26774,16,Fri,5,140
Retail,2020-04-17T21:00:00Z,26210,16,Fri,5,141
Retail,2020-04-17T22:00:00Z,25664,16,Fri,5,142
Retail,2020-04-17T23:00:00Z,25244,16,Fri,5,143
Retail,2020-04-18T00:00:00Z,23524,16,Sat,6,144
Retail,2020-04-18T01:00:00Z,23560,16,Sat,6,145
Retail,2020-04-18T02:00:00Z,23401,16,Sat,6,146
Retail,2020-04-18T03:00:00Z,23741,16,Sat,6,147
Retail,2020-04-18T04:00:00Z,23836,16,Sat,6,148
Retail,2020-04-18T05:00:00Z,24000,16,Sat,6,149
Retail,2020-04-18T06:00:00Z,24071,16,Sat,6,150
Retail,2020-04-18T07:00:00Z,24626,16,Sat,6,151
Retail,2020-04-18T08:00:00Z,25705,16,Sat,6,152
Retail,2020-04-18T09:00:00Z,26866,16,Sat,6,153
Retail,2020-04-18T10:00:00Z,27357,16,Sat,6,154
Retail,2020-04-18T11:00:00Z,28286,16,Sat,6,155
Retail,2020-04-18T12:00:00Z,28984,16,Sat,6,156
Retail,2020-04-18T13:00:00Z,29421,16,Sat,6,157
Retail,2020-04-18T14:00:00Z,29639,16,Sat,6,158
Retail,2020-04-18T15:00:00Z,29762,16,Sat,6,159
Retail,2020-04-18T16:00:00Z,28866,16,Sat,6,160
Retail,2020-04-18T17:00:00Z,28429,16,Sat,6,161
Retail,2020-04-18T18:00:00Z,27664,16,Sat,6,162
Retail,2020-04-18T19:00:00Z,26873,16,Sat,6,163
Retail,2020-04-18T20:00:00Z,26225,16,Sat,6,164
Retail,2020-04-18T21:00:00Z,25421,16,Sat,6,165
Retail,2020-04-18T22:00:00Z,24806,16,Sat,6,166
Retail,2020-04-18T23:00:00Z,24662,16,Sat,6,167
Retail,2020-04-19T00:00:00Z,23362,16,Sun,7,168
Retail,2020-04-19T01:00:00Z,23615,16,Sun,7,169
Retail,2020-04-19T02:00:00Z,23553,16,Sun,7,170
Retail,2020-04-19T03:00:00Z,23657,16,Sun,7,171
Retail,2020-04-19T04:00:00Z,23652,16,Sun,7,172
Retail,2020-04-19T05:00:00Z,23753,16,Sun,7,173
Retail,2020-04-19T06:00:00Z,23839,16,Sun,7,174
Retail,2020-04-19T07:00:00Z,24251,16,Sun,7,175
Retail,2020-04-19T08:00:00Z,24773,16,Sun,7,176
Retail,2020-04-19T09:00:00Z,25695,16,Sun,7,177
Retail,2020-04-19T10:00:00Z,26507,16,Sun,7,178
Retail,2020-04-19T11:00:00Z,27547,16,Sun,7,179
Retail,2020-04-19T12:00:00Z,27751,16,Sun,7,180
Retail,2020-04-19T13:00:00Z,27807,16,Sun,7,181
Retail,2020-04-19T14:00:00Z,28093,16,Sun,7,182
Retail,2020-04-19T15:00:00Z,28113,16,Sun,7,183
Retail,2020-04-19T16:00:00Z,27628,16,Sun,7,184
Retail,2020-04-19T17:00:00Z,27261,16,Sun,7,185
Retail,2020-04-19T18:00:00Z,26629,16,Sun,7,186
Retail,2020-04-19T19:00:00Z,26108,16,Sun,7,187
Retail,2020-04-19T20:00:00Z,25706,16,Sun,7,188
Retail,2020-04-19T21:00:00Z,24782,16,Sun,7,189
Retail,2020-04-19T22:00:00Z,24667,16,Sun,7,190
Retail,2020-04-19T23:00:00Z,24355,16,Sun,7,191
Tourism,2020-04-06T01:00:00Z,33459,15,Mon,1,25
Tourism,2020-04-06T02:00:00Z,33572,15,Mon,1,26
Tourism,2020-04-06T03:00:00Z,33697,15,Mon,1,27
Tourism,2020-04-06T04:00:00Z,33969,15,Mon,1,28
Tourism,2020-04-06T05:00:00Z,34444,15,Mon,1,29
Tourism,2020-04-06T06:00:00Z,35163,15,Mon,1,30
Tourism,2020-04-06T07:00:00Z,36614,15,Mon,1,31
Tourism,2020-04-06T08:00:00Z,37894,15,Mon,1,32
Tourism,2020-04-06T09:00:00Z,38365,15,Mon,1,33
Tourism,2020-04-06T10:00:00Z,38888,15,Mon,1,34
Tourism,2020-04-06T11:00:00Z,39456,15,Mon,1,35
Tourism,2020-04-06T12:00:00Z,39315,15,Mon,1,36
Tourism,2020-04-06T13:00:00Z,39437,15,Mon,1,37
Tourism,2020-04-06T14:00:00Z,39167,15,Mon,1,38
Tourism,2020-04-06T15:00:00Z,38558,15,Mon,1,39
Tourism,2020-04-06T16:00:00Z,38110,15,Mon,1,40
Tourism,2020-04-06T17:00:00Z,37686,15,Mon,1,41
Tourism,2020-04-06T18:00:00Z,36890,15,Mon,1,42
Tourism,2020-04-06T19:00:00Z,36251,15,Mon,1,43
Tourism,2020-04-06T20:00:00Z,36033,15,Mon,1,44
Tourism,2020-04-06T21:00:00Z,35964,15,Mon,1,45
Tourism,2020-04-06T22:00:00Z,35716,15,Mon,1,46
Tourism,2020-04-06T23:00:00Z,35440,15,Mon,1,47
Tourism,2020-04-07T00:00:00Z,33265,15,Tue,2,48
Tourism,2020-04-07T01:00:00Z,33314,15,Tue,2,49
Tourism,2020-04-07T02:00:00Z,33249,15,Tue,2,50
Tourism,2020-04-07T03:00:00Z,33818,15,Tue,2,51
Tourism,2020-04-07T04:00:00Z,34109,15,Tue,2,52
Tourism,2020-04-07T05:00:00Z,34666,15,Tue,2,53
Tourism,2020-04-07T06:00:00Z,35453,15,Tue,2,54
Tourism,2020-04-07T07:00:00Z,36752,15,Tue,2,55
Tourism,2020-04-07T08:00:00Z,37886,15,Tue,2,56
Tourism,2020-04-07T09:00:00Z,38912,15,Tue,2,57
Tourism,2020-04-07T10:00:00Z,38940,15,Tue,2,58
Tourism,2020-04-07T11:00:00Z,39217,15,Tue,2,59
Tourism,2020-04-07T12:00:00Z,39525,15,Tue,2,60
Tourism,2020-04-07T13:00:00Z,39238,15,Tue,2,61
Tourism,2020-04-07T14:00:00Z,39210,15,Tue,2,62
Tourism,2020-04-07T15:00:00Z,39017,15,Tue,2,63
Tourism,2020-04-07T16:00:00Z,38296,15,Tue,2,64
Tourism,2020-04-07T17:00:00Z,37192,15,Tue,2,65
Tourism,2020-04-07T18:00:00Z,36676,15,Tue,2,66
Tourism,2020-04-07T19:00:00Z,36125,15,Tue,2,67
Tourism,2020-04-07T20:00:00Z,35937,15,Tue,2,68
Tourism,2020-04-07T21:00:00Z,36008,15,Tue,2,69
Tourism,2020-04-07T22:00:00Z,35841,15,Tue,2,70
Tourism,2020-04-07T23:00:00Z,35628,15,Tue,2,71
Tourism,2020-04-08T00:00:00Z,33441,15,Wed,3,72
Tourism,2020-04-08T01:00:00Z,33413,15,Wed,3,73
Tourism,2020-04-08T02:00:00Z,33311,15,Wed,3,74
Tourism,2020-04-08T03:00:00Z,33393,15,Wed,3,75
Tourism,2020-04-08T04:00:00Z,33774,15,Wed,3,76
Tourism,2020-04-08T05:00:00Z,34266,15,Wed,3,77
Tourism,2020-04-08T06:00:00Z,35065,15,Wed,3,78
Tourism,2020-04-08T07:00:00Z,36380,15,Wed,3,79
Tourism,2020-04-08T08:00:00Z,37934,15,Wed,3,80
Tourism,2020-04-08T09:00:00Z,38680,15,Wed,3,81
Tourism,2020-04-08T10:00:00Z,39164,15,Wed,3,82
Tourism,2020-04-08T11:00:00Z,39448,15,Wed,3,83
Tourism,2020-04-08T12:00:00Z,39738,15,Wed,3,84
Tourism,2020-04-08T13:00:00Z,39884,15,Wed,3,85
Tourism,2020-04-08T14:00:00Z,39878,15,Wed,3,86
Tourism,2020-04-08T15:00:00Z,38857,15,Wed,3,87
Tourism,2020-04-08T16:00:00Z,38085,15,Wed,3,88
Tourism,2020-04-08T17:00:00Z,37214,15,Wed,3,89
Tourism,2020-04-08T18:00:00Z,36626,15,Wed,3,90
Tourism,2020-04-08T19:00:00Z,36422,15,Wed,3,91
Tourism,2020-04-08T20:00:00Z,36195,15,Wed,3,92
Tourism,2020-04-08T21:00:00Z,35845,15,Wed,3,93
Tourism,2020-04-08T22:00:00Z,35649,15,Wed,3,94
Tourism,2020-04-08T23:00:00Z,35433,15,Wed,3,95
Tourism,2020-04-09T00:00:00Z,33272,15,Thu,4,96
Tourism,2020-04-09T01:00:00Z,33324,15,Thu,4,97
Tourism,2020-04-09T02:00:00Z,33271,15,Thu,4,98
Tourism,2020-04-09T03:00:00Z,33387,15,Thu,4,99
Tourism,2020-04-09T04:00:00Z,33470,15,Thu,4,100
Tourism,2020-04-09T05:00:00Z,34096,15,Thu,4,101
Tourism,2020-04-09T06:00:00Z,35140,15,Thu,4,102
Tourism,2020-04-09T07:00:00Z,36410,15,Thu,4,103
Tourism,2020-04-09T08:00:00Z,37539,15,Thu,4,104
Tourism,2020-04-09T09:00:00Z,38311,15,Thu,4,105
Tourism,2020-04-09T10:00:00Z,38514,15,Thu,4,106
Tourism,2020-04-09T11:00:00Z,38734,15,Thu,4,107
Tourism,2020-04-09T12:00:00Z,38964,15,Thu,4,108
Tourism,2020-04-09T13:00:00Z,38678,15,Thu,4,109
Tourism,2020-04-09T14:00:00Z,38991,15,Thu,4,110
Tourism,2020-04-09T15:00:00Z,38441,15,Thu,4,111
Tourism,2020-04-09T16:00:00Z,37750,15,Thu,4,112
Tourism,2020-04-09T17:00:00Z,37058,15,Thu,4,113
Tourism,2020-04-09T18:00:00Z,36791,15,Thu,4,114
Tourism,2020-04-09T19:00:00Z,36556,15,Thu,4,115
Tourism,2020-04-09T20:00:00Z,35823,15,Thu,4,116
Tourism,2020-04-09T21:00:00Z,35532,15,Thu,4,117
Tourism,2020-04-09T22:00:00Z,35479,15,Thu,4,118
Tourism,2020-04-09T23:00:00Z,35129,15,Thu,4,119
Tourism,2020-04-10T00:00:00Z,32614,15,Fri,5,120
Tourism,2020-04-10T01:00:00Z,32612,15,Fri,5,121
Tourism,2020-04-10T02:00:00Z,32483,15,Fri,5,122
Tourism,2020-04-10T03:00:00Z,32512,15,Fri,5,123
Tourism,2020-04-10T04:00:00Z,32831,15,Fri,5,124
Tourism,2020-04-10T05:00:00Z,33080,15,Fri,5,125
Tourism,2020-04-10T06:00:00Z,33341,15,Fri,5,126
Tourism,2020-04-10T07:00:00Z,33774,15,Fri,5,127
Tourism,2020-04-10T08:00:00Z,34096,15,Fri,5,128
Tourism,2020-04-10T09:00:00Z,34262,15,Fri,5,129
Tourism,2020-04-10T10:00:00Z,34529,15,Fri,5,130
Tourism,2020-04-10T11:00:00Z,34856,15,Fri,5,131
Tourism,2020-04-10T12:00:00Z,34916,15,Fri,5,132
Tourism,2020-04-10T13:00:00Z,35530,15,Fri,5,133
Tourism,2020-04-10T14:00:00Z,35704,15,Fri,5,134
Tourism,2020-04-10T15:00:00Z,35660,15,Fri,5,135
Tourism,2020-04-10T16:00:00Z,35423,15,Fri,5,136
Tourism,2020-04-10T17:00:00Z,35155,15,Fri,5,137
Tourism,2020-04-10T18:00:00Z,35105,15,Fri,5,138
Tourism,2020-04-10T19:00:00Z,34961,15,Fri,5,139
Tourism,2020-04-10T20:00:00Z,35018,15,Fri,5,140
Tourism,2020-04-10T21:00:00Z,34872,15,Fri,5,141
Tourism,2020-04-10T22:00:00Z,34728,15,Fri,5,142
Tourism,2020-04-10T23:00:00Z,34413,15,Fri,5,143
Tourism,2020-04-11T00:00:00Z,32318,15,Sat,6,144
Tourism,2020-04-11T01:00:00Z,32452,15,Sat,6,145
Tourism,2020-04-11T02:00:00Z,32249,15,Sat,6,146
Tourism,2020-04-11T03:00:00Z,32251,15,Sat,6,147
Tourism,2020-04-11T04:00:00Z,32471,15,Sat,6,148
Tourism,2020-04-11T05:00:00Z,32753,15,Sat,6,149
Tourism,2020-04-11T06:00:00Z,33464,15,Sat,6,150
Tourism,2020-04-11T07:00:00Z,33760,15,Sat,6,151
Tourism,2020-04-11T08:00:00Z,34403,15,Sat,6,152
Tourism,2020-04-11T09:00:00Z,34555,15,Sat,6,153
Tourism,2020-04-11T10:00:00Z,35283,15,Sat,6,154
Tourism,2020-04-11T11:00:00Z,35624,15,Sat,6,155
Tourism,2020-04-11T12:00:00Z,35449,15,Sat,6,156
Tourism,2020-04-11T13:00:00Z,35177,15,Sat,6,157
Tourism,2020-04-11T14:00:00Z,35325,15,Sat,6,158
Tourism,2020-04-11T15:00:00Z,35384,15,Sat,6,159
Tourism,2020-04-11T16:00:00Z,35084,15,Sat,6,160
Tourism,2020-04-11T17:00:00Z,34863,15,Sat,6,161
Tourism,2020-04-11T18:00:00Z,34620,15,Sat,6,162
Tourism,2020-04-11T19:00:00Z,34454,15,Sat,6,163
Tourism,2020-04-11T20:00:00Z,34111,15,Sat,6,164
Tourism,2020-04-11T21:00:00Z,34058,15,Sat,6,165
Tourism,2020-04-11T22:00:00Z,33896,15,Sat,6,166
Tourism,2020-04-11T23:00:00Z,33877,15,Sat,6,167
Tourism,2020-04-12T00:00:00Z,31718,15,Sun,7,168
Tourism,2020-04-12T01:00:00Z,31746,15,Sun,7,169
Tourism,2020-04-12T02:00:00Z,31802,15,Sun,7,170
Tourism,2020-04-12T03:00:00Z,31930,15,Sun,7,171
Tourism,2020-04-12T04:00:00Z,32100,15,Sun,7,172
Tourism,2020-04-12T05:00:00Z,32159,15,Sun,7,173
Tourism,2020-04-12T06:00:00Z,32425,15,Sun,7,174
Tourism,2020-04-12T07:00:00Z,32471,15,Sun,7,175
Tourism,2020-04-12T08:00:00Z,32679,15,Sun,7,176
Tourism,2020-04-12T09:00:00Z,32981,15,Sun,7,177
Tourism,2020-04-12T10:00:00Z,33431,15,Sun,7,178
Tourism,2020-04-12T11:00:00Z,34012,15,Sun,7,179
Tourism,2020-04-12T12:00:00Z,33917,15,Sun,7,180
Tourism,2020-04-12T13:00:00Z,34182,15,Sun,7,181
Tourism,2020-04-12T14:00:00Z,34383,15,Sun,7,182
Tourism,2020-04-12T15:00:00Z,34495,15,Sun,7,183
Tourism,2020-04-12T16:00:00Z,34080,15,Sun,7,184
Tourism,2020-04-12T17:00:00Z,33982,15,Sun,7,185
Tourism,2020-04-12T18:00:00Z,33975,15,Sun,7,186
Tourism,2020-04-12T19:00:00Z,34090,15,Sun,7,187
Tourism,2020-04-12T20:00:00Z,33985,15,Sun,7,188
Tourism,2020-04-12T21:00:00Z,33836,15,Sun,7,189
Tourism,2020-04-12T22:00:00Z,33959,15,Sun,7,190
Tourism,2020-04-12T23:00:00Z,33628,15,Sun,7,191
Tourism,2020-04-13T00:00:00Z,31563,16,Mon,1,24
Tourism,2020-04-13T01:00:00Z,31725,16,Mon,1,25
Tourism,2020-04-13T02:00:00Z,31662,16,Mon,1,26
Tourism,2020-04-13T03:00:00Z,31613,16,Mon,1,27
Tourism,2020-04-13T04:00:00Z,31925,16,Mon,1,28
Tourism,2020-04-13T05:00:00Z,32198,16,Mon,1,29
Tourism,2020-04-13T06:00:00Z,32683,16,Mon,1,30
Tourism,2020-04-13T07:00:00Z,32990,16,Mon,1,31
Tourism,2020-04-13T08:00:00Z,33555,16,Mon,1,32
Tourism,2020-04-13T09:00:00Z,33368,16,Mon,1,33
Tourism,2020-04-13T10:00:00Z,33432,16,Mon,1,34
Tourism,2020-04-13T11:00:00Z,33441,16,Mon,1,35
Tourism,2020-04-13T12:00:00Z,33758,16,Mon,1,36
Tourism,2020-04-13T13:00:00Z,33969,16,Mon,1,37
Tourism,2020-04-13T14:00:00Z,34217,16,Mon,1,38
Tourism,2020-04-13T15:00:00Z,33889,16,Mon,1,39
Tourism,2020-04-13T16:00:00Z,33749,16,Mon,1,40
Tourism,2020-04-13T17:00:00Z,33743,16,Mon,1,41
Tourism,2020-04-13T18:00:00Z,33762,16,Mon,1,42
Tourism,2020-04-13T19:00:00Z,33702,16,Mon,1,43
Tourism,2020-04-13T20:00:00Z,33391,16,Mon,1,44
Tourism,2020-04-13T21:00:00Z,33316,16,Mon,1,45
Tourism,2020-04-13T22:00:00Z,33072,16,Mon,1,46
Tourism,2020-04-13T23:00:00Z,32929,16,Mon,1,47
Tourism,2020-04-14T00:00:00Z,32067,16,Tue,2,48
Tourism,2020-04-14T01:00:00Z,32306,16,Tue,2,49
Tourism,2020-04-14T02:00:00Z,32128,16,Tue,2,50
Tourism,2020-04-14T03:00:00Z,32198,16,Tue,2,51
Tourism,2020-04-14T04:00:00Z,32303,16,Tue,2,52
Tourism,2020-04-14T05:00:00Z,32805,16,Tue,2,53
Tourism,2020-04-14T06:00:00Z,33654,16,Tue,2,54
Tourism,2020-04-14T07:00:00Z,34851,16,Tue,2,55
Tourism,2020-04-14T08:00:00Z,36491,16,Tue,2,56
Tourism,2020-04-14T09:00:00Z,37287,16,Tue,2,57
Tourism,2020-04-14T10:00:00Z,37748,16,Tue,2,58
Tourism,2020-04-14T11:00:00Z,37513,16,Tue,2,59
Tourism,2020-04-14T12:00:00Z,37732,16,Tue,2,60
Tourism,2020-04-14T13:00:00Z,37730,16,Tue,2,61
Tourism,2020-04-14T14:00:00Z,37678,16,Tue,2,62
Tourism,2020-04-14T15:00:00Z,37281,16,Tue,2,63
Tourism,2020-04-14T16:00:00Z,36736,16,Tue,2,64
Tourism,2020-04-14T17:00:00Z,35772,16,Tue,2,65
Tourism,2020-04-14T18:00:00Z,35260,16,Tue,2,66
Tourism,2020-04-14T19:00:00Z,34567,16,Tue,2,67
Tourism,2020-04-14T20:00:00Z,34086,16,Tue,2,68
Tourism,2020-04-14T21:00:00Z,33725,16,Tue,2,69
Tourism,2020-04-14T22:00:00Z,33589,16,Tue,2,70
Tourism,2020-04-14T23:00:00Z,33380,16,Tue,2,71
Tourism,2020-04-15T00:00:00Z,32013,16,Wed,3,72
Tourism,2020-04-15T01:00:00Z,32264,16,Wed,3,73
Tourism,2020-04-15T02:00:00Z,32253,16,Wed,3,74
Tourism,2020-04-15T03:00:00Z,32321,16,Wed,3,75
Tourism,2020-04-15T04:00:00Z,32559,16,Wed,3,76
Tourism,2020-04-15T05:00:00Z,32792,16,Wed,3,77
Tourism,2020-04-15T06:00:00Z,33576,16,Wed,3,78
Tourism,2020-04-15T07:00:00Z,34817,16,Wed,3,79
Tourism,2020-04-15T08:00:00Z,36086,16,Wed,3,80
Tourism,2020-04-15T09:00:00Z,36987,16,Wed,3,81
Tourism,2020-04-15T10:00:00Z,37838,16,Wed,3,82
Tourism,2020-04-15T11:00:00Z,38139,16,Wed,3,83
Tourism,2020-04-15T12:00:00Z,38184,16,Wed,3,84
Tourism,2020-04-15T13:00:00Z,38047,16,Wed,3,85
Tourism,2020-04-15T14:00:00Z,37991,16,Wed,3,86
Tourism,2020-04-15T15:00:00Z,37525,16,Wed,3,87
Tourism,2020-04-15T16:00:00Z,36916,16,Wed,3,88
Tourism,2020-04-15T17:00:00Z,36010,16,Wed,3,89
Tourism,2020-04-15T18:00:00Z,35216,16,Wed,3,90
Tourism,2020-04-15T19:00:00Z,34589,16,Wed,3,91
Tourism,2020-04-15T20:00:00Z,34255,16,Wed,3,92
Tourism,2020-04-15T21:00:00Z,34006,16,Wed,3,93
Tourism,2020-04-15T22:00:00Z,33773,16,Wed,3,94
Tourism,2020-04-15T23:00:00Z,33541,16,Wed,3,95
Tourism,2020-04-16T00:00:00Z,31927,16,Thu,4,96
Tourism,2020-04-16T01:00:00Z,32192,16,Thu,4,97
Tourism,2020-04-16T02:00:00Z,32272,16,Thu,4,98
Tourism,2020-04-16T03:00:00Z,32285,16,Thu,4,99
Tourism,2020-04-16T04:00:00Z,32524,16,Thu,4,100
Tourism,2020-04-16T05:00:00Z,32827,16,Thu,4,101
Tourism,2020-04-16T06:00:00Z,33638,16,Thu,4,102
Tourism,2020-04-16T07:00:00Z,35325,16,Thu,4,103
Tourism,2020-04-16T08:00:00Z,36558,16,Thu,4,104
Tourism,2020-04-16T09:00:00Z,37130,16,Thu,4,105
Tourism,2020-04-16T10:00:00Z,37636,16,Thu,4,106
Tourism,2020-04-16T11:00:00Z,37923,16,Thu,4,107
Tourism,2020-04-16T12:00:00Z,38126,16,Thu,4,108
Tourism,2020-04-16T13:00:00Z,38332,16,Thu,4,109
Tourism,2020-04-16T14:00:00Z,37815,16,Thu,4,110
Tourism,2020-04-16T15:00:00Z,37214,16,Thu,4,111
Tourism,2020-04-16T16:00:00Z,36428,16,Thu,4,112
Tourism,2020-04-16T17:00:00Z,35686,16,Thu,4,113
Tourism,2020-04-16T18:00:00Z,35188,16,Thu,4,114
Tourism,2020-04-16T19:00:00Z,34358,16,Thu,4,115
Tourism,2020-04-16T20:00:00Z,33646,16,Thu,4,116
Tourism,2020-04-16T21:00:00Z,33576,16,Thu,4,117
Tourism,2020-04-16T22:00:00Z,33384,16,Thu,4,118
Tourism,2020-04-16T23:00:00Z,33239,16,Thu,4,119
Tourism,2020-04-17T00:00:00Z,32176,16,Fri,5,120
Tourism,2020-04-17T01:00:00Z,32351,16,Fri,5,121
Tourism,2020-04-17T02:00:00Z,32162,16,Fri,5,122
Tourism,2020-04-17T03:00:00Z,32207,16,Fri,5,123
Tourism,2020-04-17T04:00:00Z,32415,16,Fri,5,124
Tourism,2020-04-17T05:00:00Z,32765,16,Fri,5,125
Tourism,2020-04-17T06:00:00Z,33773,16,Fri,5,126
Tourism,2020-04-17T07:00:00Z,35158,16,Fri,5,127
Tourism,2020-04-17T08:00:00Z,36270,16,Fri,5,128
Tourism,2020-04-17T09:00:00Z,37166,16,Fri,5,129
Tourism,2020-04-17T10:00:00Z,37572,16,Fri,5,130
Tourism,2020-04-17T11:00:00Z,37680,16,Fri,5,131
Tourism,2020-04-17T12:00:00Z,38033,16,Fri,5,132
Tourism,2020-04-17T13:00:00Z,37992,16,Fri,5,133
Tourism,2020-04-17T14:00:00Z,37441,16,Fri,5,134
Tourism,2020-04-17T15:00:00Z,37391,16,Fri,5,135
Tourism,2020-04-17T16:00:00Z,36523,16,Fri,5,136
Tourism,2020-04-17T17:00:00Z,35601,16,Fri,5,137
Tourism,2020-04-17T18:00:00Z,34775,16,Fri,5,138
Tourism,2020-04-17T19:00:00Z,34031,16,Fri,5,139
Tourism,2020-04-17T20:00:00Z,33830,16,Fri,5,140
Tourism,2020-04-17T21:00:00Z,33593,16,Fri,5,141
Tourism,2020-04-17T22:00:00Z,33372,16,Fri,5,142
Tourism,2020-04-17T23:00:00Z,33348,16,Fri,5,143
Tourism,2020-04-18T00:00:00Z,31569,16,Sat,6,144
Tourism,2020-04-18T01:00:00Z,31658,16,Sat,6,145
Tourism,2020-04-18T02:00:00Z,31616,16,Sat,6,146
Tourism,2020-04-18T03:00:00Z,31860,16,Sat,6,147
Tourism,2020-04-18T04:00:00Z,32041,16,Sat,6,148
Tourism,2020-04-18T05:00:00Z,32170,16,Sat,6,149
Tourism,2020-04-18T06:00:00Z,32658,16,Sat,6,150
Tourism,2020-04-18T07:00:00Z,33048,16,Sat,6,151
Tourism,2020-04-18T08:00:00Z,33435,16,Sat,6,152
Tourism,2020-04-18T09:00:00Z,33884,16,Sat,6,153
Tourism,2020-04-18T10:00:00Z,34023,16,Sat,6,154
Tourism,2020-04-18T11:00:00Z,33823,16,Sat,6,155
Tourism,2020-04-18T12:00:00Z,34142,16,Sat,6,156
Tourism,2020-04-18T13:00:00Z,34699,16,Sat,6,157
Tourism,2020-04-18T14:00:00Z,34649,16,Sat,6,158
Tourism,2020-04-18T15:00:00Z,34107,16,Sat,6,159
Tourism,2020-04-18T16:00:00Z,33765,16,Sat,6,160
Tourism,2020-04-18T17:00:00Z,33663,16,Sat,6,161
Tourism,2020-04-18T18:00:00Z,33302,16,Sat,6,162
Tourism,2020-04-18T19:00:00Z,33043,16,Sat,6,163
Tourism,2020-04-18T20:00:00Z,33072,16,Sat,6,164
Tourism,2020-04-18T21:00:00Z,32976,16,Sat,6,165
Tourism,2020-04-18T22:00:00Z,32668,16,Sat,6,166
Tourism,2020-04-18T23:00:00Z,32436,16,Sat,6,167
Tourism,2020-04-19T00:00:00Z,30919,16,Sun,7,168
Tourism,2020-04-19T01:00:00Z,31180,16,Sun,7,169
Tourism,2020-04-19T02:00:00Z,31045,16,Sun,7,170
Tourism,2020-04-19T03:00:00Z,31146,16,Sun,7,171
Tourism,2020-04-19T04:00:00Z,31345,16,Sun,7,172
Tourism,2020-04-19T05:00:00Z,31489,16,Sun,7,173
Tourism,2020-04-19T06:00:00Z,32036,16,Sun,7,174
Tourism,2020-04-19T07:00:00Z,32165,16,Sun,7,175
Tourism,2020-04-19T08:00:00Z,32565,16,Sun,7,176
Tourism,2020-04-19T09:00:00Z,32690,16,Sun,7,177
Tourism,2020-04-19T10:00:00Z,32945,16,Sun,7,178
Tourism,2020-04-19T11:00:00Z,33039,16,Sun,7,179
Tourism,2020-04-19T12:00:00Z,33122,16,Sun,7,180
Tourism,2020-04-19T13:00:00Z,33357,16,Sun,7,181
Tourism,2020-04-19T14:00:00Z,33330,16,Sun,7,182
Tourism,2020-04-19T15:00:00Z,32935,16,Sun,7,183
Tourism,2020-04-19T16:00:00Z,33150,16,Sun,7,184
Tourism,2020-04-19T17:00:00Z,32804,16,Sun,7,185
Tourism,2020-04-19T18:00:00Z,32618,16,Sun,7,186
Tourism,2020-04-19T19:00:00Z,32712,16,Sun,7,187
Tourism,2020-04-19T20:00:00Z,32596,16,Sun,7,188
Tourism,2020-04-19T21:00:00Z,32470,16,Sun,7,189
Tourism,2020-04-19T22:00:00Z,32744,16,Sun,7,190
Tourism,2020-04-19T23:00:00Z,32246,16,Sun,7,191
Transit,2020-04-06T01:00:00Z,35327,15,Mon,1,25
Transit,2020-04-06T02:00:00Z,35435,15,Mon,1,26
Transit,2020-04-06T03:00:00Z,35402,15,Mon,1,27
Transit,2020-04-06T04:00:00Z,35465,15,Mon,1,28
Transit,2020-04-06T05:00:00Z,35591,15,Mon,1,29
Transit,2020-04-06T06:00:00Z,35838,15,Mon,1,30
Transit,2020-04-06T07:00:00Z,36034,15,Mon,1,31
Transit,2020-04-06T08:00:00Z,36386,15,Mon,1,32
Transit,2020-04-06T09:00:00Z,36494,15,Mon,1,33
Transit,2020-04-06T10:00:00Z,36646,15,Mon,1,34
Transit,2020-04-06T11:00:00Z,36926,15,Mon,1,35
Transit,2020-04-06T12:00:00Z,36873,15,Mon,1,36
Transit,2020-04-06T13:00:00Z,36674,15,Mon,1,37
Transit,2020-04-06T14:00:00Z,36565,15,Mon,1,38
Transit,2020-04-06T15:00:00Z,36924,15,Mon,1,39
Transit,2020-04-06T16:00:00Z,36877,15,Mon,1,40
Transit,2020-04-06T17:00:00Z,36887,15,Mon,1,41
Transit,2020-04-06T18:00:00Z,36651,15,Mon,1,42
Transit,2020-04-06T19:00:00Z,36678,15,Mon,1,43
Transit,2020-04-06T20:00:00Z,36425,15,Mon,1,44
Transit,2020-04-06T21:00:00Z,36185,15,Mon,1,45
Transit,2020-04-06T22:00:00Z,36331,15,Mon,1,46
Transit,2020-04-06T23:00:00Z,36187,15,Mon,1,47
Transit,2020-04-07T00:00:00Z,35452,15,Tue,2,48
Transit,2020-04-07T01:00:00Z,35435,15,Tue,2,49
Transit,2020-04-07T02:00:00Z,35348,15,Tue,2,50
Transit,2020-04-07T03:00:00Z,35328,15,Tue,2,51
Transit,2020-04-07T04:00:00Z,35264,15,Tue,2,52
Transit,2020-04-07T05:00:00Z,35550,15,Tue,2,53
Transit,2020-04-07T06:00:00Z,35807,15,Tue,2,54
Transit,2020-04-07T07:00:00Z,36019,15,Tue,2,55
Transit,2020-04-07T08:00:00Z,36335,15,Tue,2,56
Transit,2020-04-07T09:00:00Z,36098,15,Tue,2,57
Transit,2020-04-07T10:00:00Z,36308,15,Tue,2,58
Transit,2020-04-07T11:00:00Z,36395,15,Tue,2,59
Transit,2020-04-07T12:00:00Z,36568,15,Tue,2,60
Transit,2020-04-07T13:00:00Z,36622,15,Tue,2,61
Transit,2020-04-07T14:00:00Z,36721,15,Tue,2,62
Transit,2020-04-07T15:00:00Z,36840,15,Tue,2,63
Transit,2020-04-07T16:00:00Z,37174,15,Tue,2,64
Transit,2020-04-07T17:00:00Z,37329,15,Tue,2,65
Transit,2020-04-07T18:00:00Z,36702,15,Tue,2,66
Transit,2020-04-07T19:00:00Z,36250,15,Tue,2,67
Transit,2020-04-07T20:00:00Z,36090,15,Tue,2,68
Transit,2020-04-07T21:00:00Z,36137,15,Tue,2,69
Transit,2020-04-07T22:00:00Z,35697,15,Tue,2,70
Transit,2020-04-07T23:00:00Z,35775,15,Tue,2,71
Transit,2020-04-08T00:00:00Z,35133,15,Wed,3,72
Transit,2020-04-08T01:00:00Z,35246,15,Wed,3,73
Transit,2020-04-08T02:00:00Z,35122,15,Wed,3,74
Transit,2020-04-08T03:00:00Z,35168,15,Wed,3,75
Transit,2020-04-08T04:00:00Z,35395,15,Wed,3,76
Transit,2020-04-08T05:00:00Z,35546,15,Wed,3,77
Transit,2020-04-08T06:00:00Z,35739,15,Wed,3,78
Transit,2020-04-08T07:00:00Z,36055,15,Wed,3,79
Transit,2020-04-08T08:00:00Z,35976,15,Wed,3,80
Transit,2020-04-08T09:00:00Z,35884,15,Wed,3,81
Transit,2020-04-08T10:00:00Z,36186,15,Wed,3,82
Transit,2020-04-08T11:00:00Z,36441,15,Wed,3,83
Transit,2020-04-08T12:00:00Z,36302,15,Wed,3,84
Transit,2020-04-08T13:00:00Z,36432,15,Wed,3,85
Transit,2020-04-08T14:00:00Z,36646,15,Wed,3,86
Transit,2020-04-08T15:00:00Z,36700,15,Wed,3,87
Transit,2020-04-08T16:00:00Z,36872,15,Wed,3,88
Transit,2020-04-08T17:00:00Z,36972,15,Wed,3,89
Transit,2020-04-08T18:00:00Z,36121,15,Wed,3,90
Transit,2020-04-08T19:00:00Z,35775,15,Wed,3,91
Transit,2020-04-08T20:00:00Z,35622,15,Wed,3,92
Transit,2020-04-08T21:00:00Z,35810,15,Wed,3,93
Transit,2020-04-08T22:00:00Z,35688,15,Wed,3,94
Transit,2020-04-08T23:00:00Z,35678,15,Wed,3,95
Transit,2020-04-09T00:00:00Z,34904,15,Thu,4,96
Transit,2020-04-09T01:00:00Z,35237,15,Thu,4,97
Transit,2020-04-09T02:00:00Z,35216,15,Thu,4,98
Transit,2020-04-09T03:00:00Z,35194,15,Thu,4,99
Transit,2020-04-09T04:00:00Z,35116,15,Thu,4,100
Transit,2020-04-09T05:00:00Z,35279,15,Thu,4,101
Transit,2020-04-09T06:00:00Z,35682,15,Thu,4,102
Transit,2020-04-09T07:00:00Z,35875,15,Thu,4,103
Transit,2020-04-09T08:00:00Z,35960,15,Thu,4,104
Transit,2020-04-09T09:00:00Z,36076,15,Thu,4,105
Transit,2020-04-09T10:00:00Z,35978,15,Thu,4,106
Transit,2020-04-09T11:00:00Z,36646,15,Thu,4,107
Transit,2020-04-09T12:00:00Z,36341,15,Thu,4,108
Transit,2020-04-09T13:00:00Z,36361,15,Thu,4,109
Transit,2020-04-09T14:00:00Z,36449,15,Thu,4,110
Transit,2020-04-09T15:00:00Z,36858,15,Thu,4,111
Transit,2020-04-09T16:00:00Z,36807,15,Thu,4,112
Transit,2020-04-09T17:00:00Z,36657,15,Thu,4,113
Transit,2020-04-09T18:00:00Z,36634,15,Thu,4,114
Transit,2020-04-09T19:00:00Z,36212,15,Thu,4,115
Transit,2020-04-09T20:00:00Z,36119,15,Thu,4,116
Transit,2020-04-09T21:00:00Z,35973,15,Thu,4,117
Transit,2020-04-09T22:00:00Z,35741,15,Thu,4,118
Transit,2020-04-09T23:00:00Z,35870,15,Thu,4,119
Transit,2020-04-10T00:00:00Z,35627,15,Fri,5,120
Transit,2020-04-10T01:00:00Z,35805,15,Fri,5,121
Transit,2020-04-10T02:00:00Z,35669,15,Fri,5,122
Transit,2020-04-10T03:00:00Z,35748,15,Fri,5,123
Transit,2020-04-10T04:00:00Z,35766,15,Fri,5,124
Transit,2020-04-10T05:00:00Z,35641,15,Fri,5,125
Transit,2020-04-10T06:00:00Z,35720,15,Fri,5,126
Transit,2020-04-10T07:00:00Z,35888,15,Fri,5,127
Transit,2020-04-10T08:00:00Z,36124,15,Fri,5,128
Transit,2020-04-10T09:00:00Z,36270,15,Fri,5,129
Transit,2020-04-10T10:00:00Z,36696,15,Fri,5,130
Transit,2020-04-10T11:00:00Z,36974,15,Fri,5,131
Transit,2020-04-10T12:00:00Z,37283,15,Fri,5,132
Transit,2020-04-10T13:00:00Z,36938,15,Fri,5,133
Transit,2020-04-10T14:00:00Z,37220,15,Fri,5,134
Transit,2020-04-10T15:00:00Z,36973,15,Fri,5,135
Transit,2020-04-10T16:00:00Z,37054,15,Fri,5,136
Transit,2020-04-10T17:00:00Z,37014,15,Fri,5,137
Transit,2020-04-10T18:00:00Z,36577,15,Fri,5,138
Transit,2020-04-10T19:00:00Z,36572,15,Fri,5,139
Transit,2020-04-10T20:00:00Z,35878,15,Fri,5,140
Transit,2020-04-10T21:00:00Z,35940,15,Fri,5,141
Transit,2020-04-10T22:00:00Z,35701,15,Fri,5,142
Transit,2020-04-10T23:00:00Z,35881,15,Fri,5,143
Transit,2020-04-11T00:00:00Z,35360,15,Sat,6,144
Transit,2020-04-11T01:00:00Z,35305,15,Sat,6,145
Transit,2020-04-11T02:00:00Z,35303,15,Sat,6,146
Transit,2020-04-11T03:00:00Z,35447,15,Sat,6,147
Transit,2020-04-11T04:00:00Z,35320,15,Sat,6,148
Transit,2020-04-11T05:00:00Z,35542,15,Sat,6,149
Transit,2020-04-11T06:00:00Z,35531,15,Sat,6,150
Transit,2020-04-11T07:00:00Z,35535,15,Sat,6,151
Transit,2020-04-11T08:00:00Z,35485,15,Sat,6,152
Transit,2020-04-11T09:00:00Z,35450,15,Sat,6,153
Transit,2020-04-11T10:00:00Z,35590,15,Sat,6,154
Transit,2020-04-11T11:00:00Z,35805,15,Sat,6,155
Transit,2020-04-11T12:00:00Z,36135,15,Sat,6,156
Transit,2020-04-11T13:00:00Z,36231,15,Sat,6,157
Transit,2020-04-11T14:00:00Z,36290,15,Sat,6,158
Transit,2020-04-11T15:00:00Z,36323,15,Sat,6,159
Transit,2020-04-11T16:00:00Z,36676,15,Sat,6,160
Transit,2020-04-11T17:00:00Z,36604,15,Sat,6,161
Transit,2020-04-11T18:00:00Z,36389,15,Sat,6,162
Transit,2020-04-11T19:00:00Z,36415,15,Sat,6,163
Transit,2020-04-11T20:00:00Z,35981,15,Sat,6,164
Transit,2020-04-11T21:00:00Z,35766,15,Sat,6,165
Transit,2020-04-11T22:00:00Z,35876,15,Sat,6,166
Transit,2020-04-11T23:00:00Z,35880,15,Sat,6,167
Transit,2020-04-12T00:00:00Z,35397,15,Sun,7,168
Transit,2020-04-12T01:00:00Z,35522,15,Sun,7,169
Transit,2020-04-12T02:00:00Z,35516,15,Sun,7,170
Transit,2020-04-12T03:00:00Z,35367,15,Sun,7,171
Transit,2020-04-12T04:00:00Z,35392,15,Sun,7,172
Transit,2020-04-12T05:00:00Z,35485,15,Sun,7,173
Transit,2020-04-12T06:00:00Z,35541,15,Sun,7,174
Transit,2020-04-12T07:00:00Z,35531,15,Sun,7,175
Transit,2020-04-12T08:00:00Z,35698,15,Sun,7,176
Transit,2020-04-12T09:00:00Z,35765,15,Sun,7,177
Transit,2020-04-12T10:00:00Z,36026,15,Sun,7,178
Transit,2020-04-12T11:00:00Z,36363,15,Sun,7,179
Transit,2020-04-12T12:00:00Z,36158,15,Sun,7,180
Transit,2020-04-12T13:00:00Z,35982,15,Sun,7,181
Transit,2020-04-12T14:00:00Z,36287,15,Sun,7,182
Transit,2020-04-12T15:00:00Z,36488,15,Sun,7,183
Transit,2020-04-12T16:00:00Z,36697,15,Sun,7,184
Transit,2020-04-12T17:00:00Z,36653,15,Sun,7,185
Transit,2020-04-12T18:00:00Z,36642,15,Sun,7,186
Transit,2020-04-12T19:00:00Z,36791,15,Sun,7,187
Transit,2020-04-12T20:00:00Z,36587,15,Sun,7,188
Transit,2020-04-12T21:00:00Z,36200,15,Sun,7,189
Transit,2020-04-12T22:00:00Z,36215,15,Sun,7,190
Transit,2020-04-12T23:00:00Z,36279,15,Sun,7,191
Transit,2020-04-13T00:00:00Z,35671,16,Mon,1,24
Transit,2020-04-13T01:00:00Z,35740,16,Mon,1,25
Transit,2020-04-13T02:00:00Z,35774,16,Mon,1,26
Transit,2020-04-13T03:00:00Z,35574,16,Mon,1,27
Transit,2020-04-13T04:00:00Z,35541,16,Mon,1,28
Transit,2020-04-13T05:00:00Z,35626,16,Mon,1,29
Transit,2020-04-13T06:00:00Z,35583,16,Mon,1,30
Transit,2020-04-13T07:00:00Z,35565,16,Mon,1,31
Transit,2020-04-13T08:00:00Z,35624,16,Mon,1,32
Transit,2020-04-13T09:00:00Z,35901,16,Mon,1,33
Transit,2020-04-13T10:00:00Z,36328,16,Mon,1,34
Transit,2020-04-13T11:00:00Z,36453,16,Mon,1,35
Transit,2020-04-13T12:00:00Z,36234,16,Mon,1,36
Transit,2020-04-13T13:00:00Z,36283,16,Mon,1,37
Transit,2020-04-13T14:00:00Z,36463,16,Mon,1,38
Transit,2020-04-13T15:00:00Z,36403,16,Mon,1,39
Transit,2020-04-13T16:00:00Z,36778,16,Mon,1,40
Transit,2020-04-13T17:00:00Z,36623,16,Mon,1,41
Transit,2020-04-13T18:00:00Z,36123,16,Mon,1,42
Transit,2020-04-13T19:00:00Z,35905,16,Mon,1,43
Transit,2020-04-13T20:00:00Z,36375,16,Mon,1,44
Transit,2020-04-13T21:00:00Z,36389,16,Mon,1,45
Transit,2020-04-13T22:00:00Z,36312,16,Mon,1,46
Transit,2020-04-13T23:00:00Z,36277,16,Mon,1,47
Transit,2020-04-14T00:00:00Z,35824,16,Tue,2,48
Transit,2020-04-14T01:00:00Z,36026,16,Tue,2,49
Transit,2020-04-14T02:00:00Z,36126,16,Tue,2,50
Transit,2020-04-14T03:00:00Z,36222,16,Tue,2,51
Transit,2020-04-14T04:00:00Z,36460,16,Tue,2,52
Transit,2020-04-14T05:00:00Z,36441,16,Tue,2,53
Transit,2020-04-14T06:00:00Z,36568,16,Tue,2,54
Transit,2020-04-14T07:00:00Z,36686,16,Tue,2,55
Transit,2020-04-14T08:00:00Z,36568,16,Tue,2,56
Transit,2020-04-14T09:00:00Z,36643,16,Tue,2,57
Transit,2020-04-14T10:00:00Z,36673,16,Tue,2,58
Transit,2020-04-14T11:00:00Z,36544,16,Tue,2,59
Transit,2020-04-14T12:00:00Z,36533,16,Tue,2,60
Transit,2020-04-14T13:00:00Z,36505,16,Tue,2,61
Transit,2020-04-14T14:00:00Z,36796,16,Tue,2,62
Transit,2020-04-14T15:00:00Z,37166,16,Tue,2,63
Transit,2020-04-14T16:00:00Z,37356,16,Tue,2,64
Transit,2020-04-14T17:00:00Z,37379,16,Tue,2,65
Transit,2020-04-14T18:00:00Z,37084,16,Tue,2,66
Transit,2020-04-14T19:00:00Z,36776,16,Tue,2,67
Transit,2020-04-14T20:00:00Z,36728,16,Tue,2,68
Transit,2020-04-14T21:00:00Z,36690,16,Tue,2,69
Transit,2020-04-14T22:00:00Z,36384,16,Tue,2,70
Transit,2020-04-14T23:00:00Z,36343,16,Tue,2,71
Transit,2020-04-15T00:00:00Z,35870,16,Wed,3,72
Transit,2020-04-15T01:00:00Z,35908,16,Wed,3,73
Transit,2020-04-15T02:00:00Z,35965,16,Wed,3,74
Transit,2020-04-15T03:00:00Z,36040,16,Wed,3,75
Transit,2020-04-15T04:00:00Z,35831,16,Wed,3,76
Transit,2020-04-15T05:00:00Z,35826,16,Wed,3,77
Transit,2020-04-15T06:00:00Z,36366,16,Wed,3,78
Transit,2020-04-15T07:00:00Z,36383,16,Wed,3,79
Transit,2020-04-15T08:00:00Z,36293,16,Wed,3,80
Transit,2020-04-15T09:00:00Z,36530,16,Wed,3,81
Transit,2020-04-15T10:00:00Z,36542,16,Wed,3,82
Transit,2020-04-15T11:00:00Z,36570,16,Wed,3,83
Transit,2020-04-15T12:00:00Z,36454,16,Wed,3,84
Transit,2020-04-15T13:00:00Z,36768,16,Wed,3,85
Transit,2020-04-15T14:00:00Z,36914,16,Wed,3,86
Transit,2020-04-15T15:00:00Z,37038,16,Wed,3,87
Transit,2020-04-15T16:00:00Z,37221,16,Wed,3,88
Transit,2020-04-15T17:00:00Z,37474,16,Wed,3,89
Transit,2020-04-15T18:00:00Z,36482,16,Wed,3,90
Transit,2020-04-15T19:00:00Z,36202,16,Wed,3,91
Transit,2020-04-15T20:00:00Z,36028,16,Wed,3,92
Transit,2020-04-15T21:00:00Z,36378,16,Wed,3,93
Transit,2020-04-15T22:00:00Z,35990,16,Wed,3,94
Transit,2020-04-15T23:00:00Z,35991,16,Wed,3,95
Transit,2020-04-16T00:00:00Z,35818,16,Thu,4,96
Transit,2020-04-16T01:00:00Z,35815,16,Thu,4,97
Transit,2020-04-16T02:00:00Z,35895,16,Thu,4,98
Transit,2020-04-16T03:00:00Z,35884,16,Thu,4,99
Transit,2020-04-16T04:00:00Z,36098,16,Thu,4,100
Transit,2020-04-16T05:00:00Z,36225,16,Thu,4,101
Transit,2020-04-16T06:00:00Z,36329,16,Thu,4,102
Transit,2020-04-16T07:00:00Z,36604,16,Thu,4,103
Transit,2020-04-16T08:00:00Z,36500,16,Thu,4,104
Transit,2020-04-16T09:00:00Z,36968,16,Thu,4,105
Transit,2020-04-16T10:00:00Z,36638,16,Thu,4,106
Transit,2020-04-16T11:00:00Z,36710,16,Thu,4,107
Transit,2020-04-16T12:00:00Z,36821,16,Thu,4,108
Transit,2020-04-16T13:00:00Z,37018,16,Thu,4,109
Transit,2020-04-16T14:00:00Z,37193,16,Thu,4,110
Transit,2020-04-16T15:00:00Z,37474,16,Thu,4,111
Transit,2020-04-16T16:00:00Z,37415,16,Thu,4,112
Transit,2020-04-16T17:00:00Z,36947,16,Thu,4,113
Transit,2020-04-16T18:00:00Z,36749,16,Thu,4,114
Transit,2020-04-16T19:00:00Z,36528,16,Thu,4,115
Transit,2020-04-16T20:00:00Z,36580,16,Thu,4,116
Transit,2020-04-16T21:00:00Z,36199,16,Thu,4,117
Transit,2020-04-16T22:00:00Z,36049,16,Thu,4,118
Transit,2020-04-16T23:00:00Z,36280,16,Thu,4,119
Transit,2020-04-17T00:00:00Z,35493,16,Fri,5,120
Transit,2020-04-17T01:00:00Z,35509,16,Fri,5,121
Transit,2020-04-17T02:00:00Z,35669,16,Fri,5,122
Transit,2020-04-17T03:00:00Z,35697,16,Fri,5,123
Transit,2020-04-17T04:00:00Z,35648,16,Fri,5,124
Transit,2020-04-17T05:00:00Z,35787,16,Fri,5,125
Transit,2020-04-17T06:00:00Z,36216,16,Fri,5,126
Transit,2020-04-17T07:00:00Z,36342,16,Fri,5,127
Transit,2020-04-17T08:00:00Z,36695,16,Fri,5,128
Transit,2020-04-17T09:00:00Z,36666,16,Fri,5,129
Transit,2020-04-17T10:00:00Z,36790,16,Fri,5,130
Transit,2020-04-17T11:00:00Z,36773,16,Fri,5,131
Transit,2020-04-17T12:00:00Z,36632,16,Fri,5,132
Transit,2020-04-17T13:00:00Z,37006,16,Fri,5,133
Transit,2020-04-17T14:00:00Z,37050,16,Fri,5,134
Transit,2020-04-17T15:00:00Z,37093,16,Fri,5,135
Transit,2020-04-17T16:00:00Z,37028,16,Fri,5,136
Transit,2020-04-17T17:00:00Z,37150,16,Fri,5,137
Transit,2020-04-17T18:00:00Z,36854,16,Fri,5,138
Transit,2020-04-17T19:00:00Z,36802,16,Fri,5,139
Transit,2020-04-17T20:00:00Z,36735,16,Fri,5,140
Transit,2020-04-17T21:00:00Z,36425,16,Fri,5,141
Transit,2020-04-17T22:00:00Z,36294,16,Fri,5,142
Transit,2020-04-17T23:00:00Z,36198,16,Fri,5,143
Transit,2020-04-18T00:00:00Z,35697,16,Sat,6,144
Transit,2020-04-18T01:00:00Z,35842,16,Sat,6,145
Transit,2020-04-18T02:00:00Z,35941,16,Sat,6,146
Transit,2020-04-18T03:00:00Z,35909,16,Sat,6,147
Transit,2020-04-18T04:00:00Z,36028,16,Sat,6,148
Transit,2020-04-18T05:00:00Z,36330,16,Sat,6,149
Transit,2020-04-18T06:00:00Z,36111,16,Sat,6,150
Transit,2020-04-18T07:00:00Z,36059,16,Sat,6,151
Transit,2020-04-18T08:00:00Z,36284,16,Sat,6,152
Transit,2020-04-18T09:00:00Z,36167,16,Sat,6,153
Transit,2020-04-18T10:00:00Z,36157,16,Sat,6,154
Transit,2020-04-18T11:00:00Z,36680,16,Sat,6,155
Transit,2020-04-18T12:00:00Z,36860,16,Sat,6,156
Transit,2020-04-18T13:00:00Z,36633,16,Sat,6,157
Transit,2020-04-18T14:00:00Z,36569,16,Sat,6,158
Transit,2020-04-18T15:00:00Z,37036,16,Sat,6,159
Transit,2020-04-18T16:00:00Z,37226,16,Sat,6,160
Transit,2020-04-18T17:00:00Z,37049,16,Sat,6,161
Transit,2020-04-18T18:00:00Z,36656,16,Sat,6,162
Transit,2020-04-18T19:00:00Z,36236,16,Sat,6,163
Transit,2020-04-18T20:00:00Z,36051,16,Sat,6,164
Transit,2020-04-18T21:00:00Z,36145,16,Sat,6,165
Transit,2020-04-18T22:00:00Z,36076,16,Sat,6,166
Transit,2020-04-18T23:00:00Z,35855,16,Sat,6,167
Transit,2020-04-19T00:00:00Z,35294,16,Sun,7,168
Transit,2020-04-19T01:00:00Z,35395,16,Sun,7,169
Transit,2020-04-19T02:00:00Z,35492,16,Sun,7,170
Transit,2020-04-19T03:00:00Z,35423,16,Sun,7,171
Transit,2020-04-19T04:00:00Z,35561,16,Sun,7,172
Transit,2020-04-19T05:00:00Z,35811,16,Sun,7,173
Transit,2020-04-19T06:00:00Z,35700,16,Sun,7,174
Transit,2020-04-19T07:00:00Z,35637,16,Sun,7,175
Transit,2020-04-19T08:00:00Z,35827,16,Sun,7,176
Transit,2020-04-19T09:00:00Z,36284,16,Sun,7,177
Transit,2020-04-19T10:00:00Z,36390,16,Sun,7,178
Transit,2020-04-19T11:00:00Z,36636,16,Sun,7,179
Transit,2020-04-19T12:00:00Z,36296,16,Sun,7,180
Transit,2020-04-19T13:00:00Z,36546,16,Sun,7,181
Transit,2020-04-19T14:00:00Z,36527,16,Sun,7,182
Transit,2020-04-19T15:00:00Z,36542,16,Sun,7,183
Transit,2020-04-19T16:00:00Z,36816,16,Sun,7,184
Transit,2020-04-19T17:00:00Z,36833,16,Sun,7,185
Transit,2020-04-19T18:00:00Z,36606,16,Sun,7,186
Transit,2020-04-19T19:00:00Z,36490,16,Sun,7,187
Transit,2020-04-19T20:00:00Z,36214,16,Sun,7,188
Transit,2020-04-19T21:00:00Z,36215,16,Sun,7,189
Transit,2020-04-19T22:00:00Z,36131,16,Sun,7,190
Transit,2020-04-19T23:00:00Z,35863,16,Sun,7,191
Workplace,2020-04-06T01:00:00Z,505041,15,Mon,1,25
Workplace,2020-04-06T02:00:00Z,505175,15,Mon,1,26
Workplace,2020-04-06T03:00:00Z,505517,15,Mon,1,27
Workplace,2020-04-06T04:00:00Z,506641,15,Mon,1,28
Workplace,2020-04-06T05:00:00Z,509923,15,Mon,1,29
Workplace,2020-04-06T06:00:00Z,522320,15,Mon,1,30
Workplace,2020-04-06T07:00:00Z,545240,15,Mon,1,31
Workplace,2020-04-06T08:00:00Z,576003,15,Mon,1,32
Workplace,2020-04-06T09:00:00Z,596281,15,Mon,1,33
Workplace,2020-04-06T10:00:00Z,605092,15,Mon,1,34
Workplace,2020-04-06T11:00:00Z,610497,15,Mon,1,35
Workplace,2020-04-06T12:00:00Z,612693,15,Mon,1,36
Workplace,2020-04-06T13:00:00Z,612089,15,Mon,1,37
Workplace,2020-04-06T14:00:00Z,610658,15,Mon,1,38
Workplace,2020-04-06T15:00:00Z,604639,15,Mon,1,39
Workplace,2020-04-06T16:00:00Z,588688,15,Mon,1,40
Workplace,2020-04-06T17:00:00Z,566246,15,Mon,1,41
Workplace,2020-04-06T18:00:00Z,546453,15,Mon,1,42
Workplace,2020-04-06T19:00:00Z,534820,15,Mon,1,43
Workplace,2020-04-06T20:00:00Z,527142,15,Mon,1,44
Workplace,2020-04-06T21:00:00Z,521864,15,Mon,1,45
Workplace,2020-04-06T22:00:00Z,519847,15,Mon,1,46
Workplace,2020-04-06T23:00:00Z,517887,15,Mon,1,47
Workplace,2020-04-07T00:00:00Z,507822,15,Tue,2,48
Workplace,2020-04-07T01:00:00Z,506984,15,Tue,2,49
Workplace,2020-04-07T02:00:00Z,506379,15,Tue,2,50
Workplace,2020-04-07T03:00:00Z,506125,15,Tue,2,51
Workplace,2020-04-07T04:00:00Z,508012,15,Tue,2,52
Workplace,2020-04-07T05:00:00Z,511952,15,Tue,2,53
Workplace,2020-04-07T06:00:00Z,522572,15,Tue,2,54
Workplace,2020-04-07T07:00:00Z,542983,15,Tue,2,55
Workplace,2020-04-07T08:00:00Z,574560,15,Tue,2,56
Workplace,2020-04-07T09:00:00Z,595067,15,Tue,2,57
Workplace,2020-04-07T10:00:00Z,605040,15,Tue,2,58
Workplace,2020-04-07T11:00:00Z,611296,15,Tue,2,59
Workplace,2020-04-07T12:00:00Z,614020,15,Tue,2,60
Workplace,2020-04-07T13:00:00Z,612288,15,Tue,2,61
Workplace,2020-04-07T14:00:00Z,610849,15,Tue,2,62
Workplace,2020-04-07T15:00:00Z,605144,15,Tue,2,63
Workplace,2020-04-07T16:00:00Z,589134,15,Tue,2,64
Workplace,2020-04-07T17:00:00Z,565858,15,Tue,2,65
Workplace,2020-04-07T18:00:00Z,546092,15,Tue,2,66
Workplace,2020-04-07T19:00:00Z,534818,15,Tue,2,67
Workplace,2020-04-07T20:00:00Z,527243,15,Tue,2,68
Workplace,2020-04-07T21:00:00Z,522267,15,Tue,2,69
Workplace,2020-04-07T22:00:00Z,519851,15,Tue,2,70
Workplace,2020-04-07T23:00:00Z,516882,15,Tue,2,71
Workplace,2020-04-08T00:00:00Z,507097,15,Wed,3,72
Workplace,2020-04-08T01:00:00Z,506878,15,Wed,3,73
Workplace,2020-04-08T02:00:00Z,506815,15,Wed,3,74
Workplace,2020-04-08T03:00:00Z,506562,15,Wed,3,75
Workplace,2020-04-08T04:00:00Z,507759,15,Wed,3,76
Workplace,2020-04-08T05:00:00Z,512240,15,Wed,3,77
Workplace,2020-04-08T06:00:00Z,523231,15,Wed,3,78
Workplace,2020-04-08T07:00:00Z,544575,15,Wed,3,79
Workplace,2020-04-08T08:00:00Z,576474,15,Wed,3,80
Workplace,2020-04-08T09:00:00Z,598307,15,Wed,3,81
Workplace,2020-04-08T10:00:00Z,610421,15,Wed,3,82
Workplace,2020-04-08T11:00:00Z,615286,15,Wed,3,83
Workplace,2020-04-08T12:00:00Z,618658,15,Wed,3,84
Workplace,2020-04-08T13:00:00Z,616739,15,Wed,3,85
Workplace,2020-04-08T14:00:00Z,614336,15,Wed,3,86
Workplace,2020-04-08T15:00:00Z,608662,15,Wed,3,87
Workplace,2020-04-08T16:00:00Z,594749,15,Wed,3,88
Workplace,2020-04-08T17:00:00Z,571279,15,Wed,3,89
Workplace,2020-04-08T18:00:00Z,552842,15,Wed,3,90
Workplace,2020-04-08T19:00:00Z,539960,15,Wed,3,91
Workplace,2020-04-08T20:00:00Z,530153,15,Wed,3,92
Workplace,2020-04-08T21:00:00Z,524789,15,Wed,3,93
Workplace,2020-04-08T22:00:00Z,521639,15,Wed,3,94
Workplace,2020-04-08T23:00:00Z,518500,15,Wed,3,95
Workplace,2020-04-09T00:00:00Z,505932,15,Thu,4,96
Workplace,2020-04-09T01:00:00Z,505528,15,Thu,4,97
Workplace,2020-04-09T02:00:00Z,505175,15,Thu,4,98
Workplace,2020-04-09T03:00:00Z,505008,15,Thu,4,99
Workplace,2020-04-09T04:00:00Z,506269,15,Thu,4,100
Workplace,2020-04-09T05:00:00Z,510696,15,Thu,4,101
Workplace,2020-04-09T06:00:00Z,521861,15,Thu,4,102
Workplace,2020-04-09T07:00:00Z,543934,15,Thu,4,103
Workplace,2020-04-09T08:00:00Z,577528,15,Thu,4,104
Workplace,2020-04-09T09:00:00Z,599977,15,Thu,4,105
Workplace,2020-04-09T10:00:00Z,609255,15,Thu,4,106
Workplace,2020-04-09T11:00:00Z,613495,15,Thu,4,107
Workplace,2020-04-09T12:00:00Z,617175,15,Thu,4,108
Workplace,2020-04-09T13:00:00Z,616241,15,Thu,4,109
Workplace,2020-04-09T14:00:00Z,613843,15,Thu,4,110
Workplace,2020-04-09T15:00:00Z,607046,15,Thu,4,111
Workplace,2020-04-09T16:00:00Z,591050,15,Thu,4,112
Workplace,2020-04-09T17:00:00Z,569379,15,Thu,4,113
Workplace,2020-04-09T18:00:00Z,550572,15,Thu,4,114
Workplace,2020-04-09T19:00:00Z,536751,15,Thu,4,115
Workplace,2020-04-09T20:00:00Z,527297,15,Thu,4,116
Workplace,2020-04-09T21:00:00Z,522401,15,Thu,4,117
Workplace,2020-04-09T22:00:00Z,517833,15,Thu,4,118
Workplace,2020-04-09T23:00:00Z,514635,15,Thu,4,119
Workplace,2020-04-10T00:00:00Z,491335,15,Fri,5,120
Workplace,2020-04-10T01:00:00Z,490510,15,Fri,5,121
Workplace,2020-04-10T02:00:00Z,490886,15,Fri,5,122
Workplace,2020-04-10T03:00:00Z,490208,15,Fri,5,123
Workplace,2020-04-10T04:00:00Z,490596,15,Fri,5,124
Workplace,2020-04-10T05:00:00Z,491525,15,Fri,5,125
Workplace,2020-04-10T06:00:00Z,493853,15,Fri,5,126
Workplace,2020-04-10T07:00:00Z,498259,15,Fri,5,127
Workplace,2020-04-10T08:00:00Z,500387,15,Fri,5,128
Workplace,2020-04-10T09:00:00Z,502900,15,Fri,5,129
Workplace,2020-04-10T10:00:00Z,504931,15,Fri,5,130
Workplace,2020-04-10T11:00:00Z,506289,15,Fri,5,131
Workplace,2020-04-10T12:00:00Z,505657,15,Fri,5,132
Workplace,2020-04-10T13:00:00Z,505562,15,Fri,5,133
Workplace,2020-04-10T14:00:00Z,505418,15,Fri,5,134
Workplace,2020-04-10T15:00:00Z,505442,15,Fri,5,135
Workplace,2020-04-10T16:00:00Z,503341,15,Fri,5,136
Workplace,2020-04-10T17:00:00Z,500066,15,Fri,5,137
Workplace,2020-04-10T18:00:00Z,497566,15,Fri,5,138
Workplace,2020-04-10T19:00:00Z,496838,15,Fri,5,139
Workplace,2020-04-10T20:00:00Z,495150,15,Fri,5,140
Workplace,2020-04-10T21:00:00Z,494276,15,Fri,5,141
Workplace,2020-04-10T22:00:00Z,494582,15,Fri,5,142
Workplace,2020-04-10T23:00:00Z,494730,15,Fri,5,143
Workplace,2020-04-11T00:00:00Z,489817,15,Sat,6,144
Workplace,2020-04-11T01:00:00Z,489623,15,Sat,6,145
Workplace,2020-04-11T02:00:00Z,489062,15,Sat,6,146
Workplace,2020-04-11T03:00:00Z,489673,15,Sat,6,147
Workplace,2020-04-11T04:00:00Z,491204,15,Sat,6,148
Workplace,2020-04-11T05:00:00Z,493199,15,Sat,6,149
Workplace,2020-04-11T06:00:00Z,498304,15,Sat,6,150
Workplace,2020-04-11T07:00:00Z,505652,15,Sat,6,151
Workplace,2020-04-11T08:00:00Z,514684,15,Sat,6,152
Workplace,2020-04-11T09:00:00Z,523059,15,Sat,6,153
Workplace,2020-04-11T10:00:00Z,528004,15,Sat,6,154
Workplace,2020-04-11T11:00:00Z,533311,15,Sat,6,155
Workplace,2020-04-11T12:00:00Z,534395,15,Sat,6,156
Workplace,2020-04-11T13:00:00Z,531622,15,Sat,6,157
Workplace,2020-04-11T14:00:00Z,529680,15,Sat,6,158
Workplace,2020-04-11T15:00:00Z,527815,15,Sat,6,159
Workplace,2020-04-11T16:00:00Z,523330,15,Sat,6,160
Workplace,2020-04-11T17:00:00Z,517867,15,Sat,6,161
Workplace,2020-04-11T18:00:00Z,510825,15,Sat,6,162
Workplace,2020-04-11T19:00:00Z,506478,15,Sat,6,163
Workplace,2020-04-11T20:00:00Z,502549,15,Sat,6,164
Workplace,2020-04-11T21:00:00Z,499591,15,Sat,6,165
Workplace,2020-04-11T22:00:00Z,498114,15,Sat,6,166
Workplace,2020-04-11T23:00:00Z,496524,15,Sat,6,167
Workplace,2020-04-12T00:00:00Z,484727,15,Sun,7,168
Workplace,2020-04-12T01:00:00Z,485969,15,Sun,7,169
Workplace,2020-04-12T02:00:00Z,486065,15,Sun,7,170
Workplace,2020-04-12T03:00:00Z,485870,15,Sun,7,171
Workplace,2020-04-12T04:00:00Z,485985,15,Sun,7,172
Workplace,2020-04-12T05:00:00Z,487182,15,Sun,7,173
Workplace,2020-04-12T06:00:00Z,490410,15,Sun,7,174
Workplace,2020-04-12T07:00:00Z,494292,15,Sun,7,175
Workplace,2020-04-12T08:00:00Z,498550,15,Sun,7,176
Workplace,2020-04-12T09:00:00Z,503035,15,Sun,7,177
Workplace,2020-04-12T10:00:00Z,505581,15,Sun,7,178
Workplace,2020-04-12T11:00:00Z,509874,15,Sun,7,179
Workplace,2020-04-12T12:00:00Z,512151,15,Sun,7,180
Workplace,2020-04-12T13:00:00Z,511814,15,Sun,7,181
Workplace,2020-04-12T14:00:00Z,512503,15,Sun,7,182
Workplace,2020-04-12T15:00:00Z,512004,15,Sun,7,183
Workplace,2020-04-12T16:00:00Z,508176,15,Sun,7,184
Workplace,2020-04-12T17:00:00Z,505065,15,Sun,7,185
Workplace,2020-04-12T18:00:00Z,501177,15,Sun,7,186
Workplace,2020-04-12T19:00:00Z,497508,15,Sun,7,187
Workplace,2020-04-12T20:00:00Z,496398,15,Sun,7,188
Workplace,2020-04-12T21:00:00Z,494901,15,Sun,7,189
Workplace,2020-04-12T22:00:00Z,493810,15,Sun,7,190
Workplace,2020-04-12T23:00:00Z,492406,15,Sun,7,191
Workplace,2020-04-13T00:00:00Z,481714,16,Mon,1,24
Workplace,2020-04-13T01:00:00Z,482862,16,Mon,1,25
Workplace,2020-04-13T02:00:00Z,483399,16,Mon,1,26
Workplace,2020-04-13T03:00:00Z,483706,16,Mon,1,27
Workplace,2020-04-13T04:00:00Z,483881,16,Mon,1,28
Workplace,2020-04-13T05:00:00Z,485461,16,Mon,1,29
Workplace,2020-04-13T06:00:00Z,489493,16,Mon,1,30
Workplace,2020-04-13T07:00:00Z,495755,16,Mon,1,31
Workplace,2020-04-13T08:00:00Z,500494,16,Mon,1,32
Workplace,2020-04-13T09:00:00Z,507751,16,Mon,1,33
Workplace,2020-04-13T10:00:00Z,513436,16,Mon,1,34
Workplace,2020-04-13T11:00:00Z,517129,16,Mon,1,35
Workplace,2020-04-13T12:00:00Z,518969,16,Mon,1,36
Workplace,2020-04-13T13:00:00Z,519402,16,Mon,1,37
Workplace,2020-04-13T14:00:00Z,521091,16,Mon,1,38
Workplace,2020-04-13T15:00:00Z,520503,16,Mon,1,39
Workplace,2020-04-13T16:00:00Z,515617,16,Mon,1,40
Workplace,2020-04-13T17:00:00Z,510785,16,Mon,1,41
Workplace,2020-04-13T18:00:00Z,505108,16,Mon,1,42
Workplace,2020-04-13T19:00:00Z,501710,16,Mon,1,43
Workplace,2020-04-13T20:00:00Z,498302,16,Mon,1,44
Workplace,2020-04-13T21:00:00Z,496104,16,Mon,1,45
Workplace,2020-04-13T22:00:00Z,495403,16,Mon,1,46
Workplace,2020-04-13T23:00:00Z,493898,16,Mon,1,47
Workplace,2020-04-14T00:00:00Z,498449,16,Tue,2,48
Workplace,2020-04-14T01:00:00Z,499781,16,Tue,2,49
Workplace,2020-04-14T02:00:00Z,499093,16,Tue,2,50
Workplace,2020-04-14T03:00:00Z,499619,16,Tue,2,51
Workplace,2020-04-14T04:00:00Z,501685,16,Tue,2,52
Workplace,2020-04-14T05:00:00Z,505190,16,Tue,2,53
Workplace,2020-04-14T06:00:00Z,516685,16,Tue,2,54
Workplace,2020-04-14T07:00:00Z,536833,16,Tue,2,55
Workplace,2020-04-14T08:00:00Z,568141,16,Tue,2,56
Workplace,2020-04-14T09:00:00Z,588102,16,Tue,2,57
Workplace,2020-04-14T10:00:00Z,599743,16,Tue,2,58
Workplace,2020-04-14T11:00:00Z,605997,16,Tue,2,59
Workplace,2020-04-14T12:00:00Z,609040,16,Tue,2,60
Workplace,2020-04-14T13:00:00Z,609099,16,Tue,2,61
Workplace,2020-04-14T14:00:00Z,608624,16,Tue,2,62
Workplace,2020-04-14T15:00:00Z,600270,16,Tue,2,63
Workplace,2020-04-14T16:00:00Z,585487,16,Tue,2,64
Workplace,2020-04-14T17:00:00Z,563098,16,Tue,2,65
Workplace,2020-04-14T18:00:00Z,542672,16,Tue,2,66
Workplace,2020-04-14T19:00:00Z,531176,16,Tue,2,67
Workplace,2020-04-14T20:00:00Z,523525,16,Tue,2,68
Workplace,2020-04-14T21:00:00Z,519230,16,Tue,2,69
Workplace,2020-04-14T22:00:00Z,517097,16,Tue,2,70
Workplace,2020-04-14T23:00:00Z,514430,16,Tue,2,71
Workplace,2020-04-15T00:00:00Z,502356,16,Wed,3,72
Workplace,2020-04-15T01:00:00Z,503236,16,Wed,3,73
Workplace,2020-04-15T02:00:00Z,503050,16,Wed,3,74
Workplace,2020-04-15T03:00:00Z,502793,16,Wed,3,75
Workplace,2020-04-15T04:00:00Z,503917,16,Wed,3,76
Workplace,2020-04-15T05:00:00Z,507973,16,Wed,3,77
Workplace,2020-04-15T06:00:00Z,519356,16,Wed,3,78
Workplace,2020-04-15T07:00:00Z,538864,16,Wed,3,79
Workplace,2020-04-15T08:00:00Z,569185,16,Wed,3,80
Workplace,2020-04-15T09:00:00Z,589925,16,Wed,3,81
Workplace,2020-04-15T10:00:00Z,600379,16,Wed,3,82
Workplace,2020-04-15T11:00:00Z,608223,16,Wed,3,83
Workplace,2020-04-15T12:00:00Z,611765,16,Wed,3,84
Workplace,2020-04-15T13:00:00Z,610822,16,Wed,3,85
Workplace,2020-04-15T14:00:00Z,609255,16,Wed,3,86
Workplace,2020-04-15T15:00:00Z,603833,16,Wed,3,87
Workplace,2020-04-15T16:00:00Z,589034,16,Wed,3,88
Workplace,2020-04-15T17:00:00Z,566761,16,Wed,3,89
Workplace,2020-04-15T18:00:00Z,546554,16,Wed,3,90
Workplace,2020-04-15T19:00:00Z,532278,16,Wed,3,91
Workplace,2020-04-15T20:00:00Z,523881,16,Wed,3,92
Workplace,2020-04-15T21:00:00Z,518953,16,Wed,3,93
Workplace,2020-04-15T22:00:00Z,516271,16,Wed,3,94
Workplace,2020-04-15T23:00:00Z,513846,16,Wed,3,95
Workplace,2020-04-16T00:00:00Z,499999,16,Thu,4,96
Workplace,2020-04-16T01:00:00Z,500847,16,Thu,4,97
Workplace,2020-04-16T02:00:00Z,500466,16,Thu,4,98
Workplace,2020-04-16T03:00:00Z,500592,16,Thu,4,99
Workplace,2020-04-16T04:00:00Z,501554,16,Thu,4,100
Workplace,2020-04-16T05:00:00Z,507211,16,Thu,4,101
Workplace,2020-04-16T06:00:00Z,518128,16,Thu,4,102
Workplace,2020-04-16T07:00:00Z,537652,16,Thu,4,103
Workplace,2020-04-16T08:00:00Z,568188,16,Thu,4,104
Workplace,2020-04-16T09:00:00Z,588953,16,Thu,4,105
Workplace,2020-04-16T10:00:00Z,599439,16,Thu,4,106
Workplace,2020-04-16T11:00:00Z,605627,16,Thu,4,107
Workplace,2020-04-16T12:00:00Z,609676,16,Thu,4,108
Workplace,2020-04-16T13:00:00Z,609012,16,Thu,4,109
Workplace,2020-04-16T14:00:00Z,608438,16,Thu,4,110
Workplace,2020-04-16T15:00:00Z,601941,16,Thu,4,111
Workplace,2020-04-16T16:00:00Z,586666,16,Thu,4,112
Workplace,2020-04-16T17:00:00Z,564202,16,Thu,4,113
Workplace,2020-04-16T18:00:00Z,544178,16,Thu,4,114
Workplace,2020-04-16T19:00:00Z,531246,16,Thu,4,115
Workplace,2020-04-16T20:00:00Z,521964,16,Thu,4,116
Workplace,2020-04-16T21:00:00Z,517289,16,Thu,4,117
Workplace,2020-04-16T22:00:00Z,514577,16,Thu,4,118
Workplace,2020-04-16T23:00:00Z,512812,16,Thu,4,119
Workplace,2020-04-17T00:00:00Z,498277,16,Fri,5,120
Workplace,2020-04-17T01:00:00Z,498976,16,Fri,5,121
Workplace,2020-04-17T02:00:00Z,498814,16,Fri,5,122
Workplace,2020-04-17T03:00:00Z,498875,16,Fri,5,123
Workplace,2020-04-17T04:00:00Z,500977,16,Fri,5,124
Workplace,2020-04-17T05:00:00Z,505438,16,Fri,5,125
Workplace,2020-04-17T06:00:00Z,516043,16,Fri,5,126
Workplace,2020-04-17T07:00:00Z,534380,16,Fri,5,127
Workplace,2020-04-17T08:00:00Z,564581,16,Fri,5,128
Workplace,2020-04-17T09:00:00Z,583544,16,Fri,5,129
Workplace,2020-04-17T10:00:00Z,594095,16,Fri,5,130
Workplace,2020-04-17T11:00:00Z,601639,16,Fri,5,131
Workplace,2020-04-17T12:00:00Z,604682,16,Fri,5,132
Workplace,2020-04-17T13:00:00Z,604207,16,Fri,5,133
Workplace,2020-04-17T14:00:00Z,603199,16,Fri,5,134
Workplace,2020-04-17T15:00:00Z,596968,16,Fri,5,135
Workplace,2020-04-17T16:00:00Z,582239,16,Fri,5,136
Workplace,2020-04-17T17:00:00Z,559896,16,Fri,5,137
Workplace,2020-04-17T18:00:00Z,539410,16,Fri,5,138
Workplace,2020-04-17T19:00:00Z,526293,16,Fri,5,139
Workplace,2020-04-17T20:00:00Z,519104,16,Fri,5,140
Workplace,2020-04-17T21:00:00Z,514368,16,Fri,5,141
Workplace,2020-04-17T22:00:00Z,512438,16,Fri,5,142
Workplace,2020-04-17T23:00:00Z,509196,16,Fri,5,143
Workplace,2020-04-18T00:00:00Z,487773,16,Sat,6,144
Workplace,2020-04-18T01:00:00Z,489468,16,Sat,6,145
Workplace,2020-04-18T02:00:00Z,489275,16,Sat,6,146
Workplace,2020-04-18T03:00:00Z,488910,16,Sat,6,147
Workplace,2020-04-18T04:00:00Z,489587,16,Sat,6,148
Workplace,2020-04-18T05:00:00Z,490856,16,Sat,6,149
Workplace,2020-04-18T06:00:00Z,496263,16,Sat,6,150
Workplace,2020-04-18T07:00:00Z,502660,16,Sat,6,151
Workplace,2020-04-18T08:00:00Z,509225,16,Sat,6,152
Workplace,2020-04-18T09:00:00Z,514490,16,Sat,6,153
Workplace,2020-04-18T10:00:00Z,520523,16,Sat,6,154
Workplace,2020-04-18T11:00:00Z,526057,16,Sat,6,155
Workplace,2020-04-18T12:00:00Z,529405,16,Sat,6,156
Workplace,2020-04-18T13:00:00Z,528608,16,Sat,6,157
Workplace,2020-04-18T14:00:00Z,527415,16,Sat,6,158
Workplace,2020-04-18T15:00:00Z,526218,16,Sat,6,159
Workplace,2020-04-18T16:00:00Z,521064,16,Sat,6,160
Workplace,2020-04-18T17:00:00Z,515506,16,Sat,6,161
Workplace,2020-04-18T18:00:00Z,508580,16,Sat,6,162
Workplace,2020-04-18T19:00:00Z,504712,16,Sat,6,163
Workplace,2020-04-18T20:00:00Z,499936,16,Sat,6,164
Workplace,2020-04-18T21:00:00Z,496819,16,Sat,6,165
Workplace,2020-04-18T22:00:00Z,496392,16,Sat,6,166
Workplace,2020-04-18T23:00:00Z,494782,16,Sat,6,167
Workplace,2020-04-19T00:00:00Z,482895,16,Sun,7,168
Workplace,2020-04-19T01:00:00Z,484058,16,Sun,7,169
Workplace,2020-04-19T02:00:00Z,484138,16,Sun,7,170
Workplace,2020-04-19T03:00:00Z,484495,16,Sun,7,171
Workplace,2020-04-19T04:00:00Z,485135,16,Sun,7,172
Workplace,2020-04-19T05:00:00Z,486736,16,Sun,7,173
Workplace,2020-04-19T06:00:00Z,490185,16,Sun,7,174
Workplace,2020-04-19T07:00:00Z,495609,16,Sun,7,175
Workplace,2020-04-19T08:00:00Z,499753,16,Sun,7,176
Workplace,2020-04-19T09:00:00Z,503876,16,Sun,7,177
Workplace,2020-04-19T10:00:00Z,508409,16,Sun,7,178
Workplace,2020-04-19T11:00:00Z,513152,16,Sun,7,179
Workplace,2020-04-19T12:00:00Z,514786,16,Sun,7,180
Workplace,2020-04-19T13:00:00Z,514694,16,Sun,7,181
Workplace,2020-04-19T14:00:00Z,517374,16,Sun,7,182
Workplace,2020-04-19T15:00:00Z,516970,16,Sun,7,183
Workplace,2020-04-19T16:00:00Z,513018,16,Sun,7,184
Workplace,2020-04-19T17:00:00Z,509220,16,Sun,7,185
Workplace,2020-04-19T18:00:00Z,505627,16,Sun,7,186
Workplace,2020-04-19T19:00:00Z,500915,16,Sun,7,187
Workplace,2020-04-19T20:00:00Z,497859,16,Sun,7,188
Workplace,2020-04-19T21:00:00Z,496080,16,Sun,7,189
Workplace,2020-04-19T22:00:00Z,495265,16,Sun,7,190
Workplace,2020-04-19T23:00:00Z,494253,16,Sun,7,191
